00005265	formula.rb
00003490	test/formula_spec.rb
00002755	vendor/bundle/ruby/4.0.0/gems/sorbet-runtime-0.6.13412/lib/types/private/methods/call_validation_2_7.rb
00002271	test/formula_auditor_spec.rb
00002184	vendor/bundle/ruby/4.0.0/gems/concurrent-ruby-1.3.8/lib/concurrent-ruby/concurrent/promises.rb
00001880	formula_installer.rb
00001864	test/service_spec.rb
00001679	test/cask/audit_spec.rb
00001641	test/install_steps_spec.rb
00001607	diagnostic.rb
00001584	test/formula_installer_spec.rb
00001581	install_steps.rb
00001575	test/cmd/info_spec.rb
00001529	tap.rb
00001522	vendor/bundle/ruby/4.0.0/gems/ruby-macho-6.0.0/lib/macho/load_commands.rb
00001485	test/tap_spec.rb
00001423	cask/audit.rb
00001382	formula_auditor.rb
00001329	test/cmd/upgrade_spec.rb
00001301	livecheck/livecheck.rb
00001273	formulary.rb
00001270	test/rubocops/components_order_spec.rb
00001241	test/cask/cask_spec.rb
00001199	rubocops/lines.rb
00001168	cli/parser.rb
00001111	test/formulary_spec.rb
00001087	dev-cmd/bump.rb
00001079	cask/installer.rb
00001075	vendor/bundle/ruby/4.0.0/gems/patchelf-1.6.2/lib/patchelf/alt_saver.rb
00001057	env_config.rb
00001036	exceptions.rb
00001027	test/cask/installer_spec.rb
00000995	test/utils/curl_spec.rb
00000990	cmd/info.rb
00000981	cleanup.rb
00000964	test_bot/formulae.rb
00000954	test/cask/upgrade_spec.rb
00000950	test/bundle/brew_spec.rb
00000943	cask/cask_loader.rb
00000923	cask/dsl.rb
00000920	test/cli/parser_spec.rb
00000918	dev-cmd/bottle.rb
00000917	test/version_spec.rb
00000909	cmd/upgrade.rb
00000904	utils/github.rb
00000888	test/rubocops/install_steps_spec.rb
00000880	test/cask/dsl_spec.rb
00000880	cask/cask.rb
00000870	install.rb
00000863	utils/curl.rb
00000863	dev-cmd/contributions.rb
00000859	service.rb
00000857	keg.rb
00000856	rubocops/shared/install_steps_helper.rb
00000831	dev-cmd/bump-formula-pr.rb
00000812	test/cleanup_spec.rb
00000810	bundle/brew.rb
00000805	vendor/bundle/ruby/4.0.0/gems/ruby-macho-6.0.0/lib/macho/headers.rb
00000800	test/vulns/match_spec.rb
00000791	version.rb
00000789	vendor/bundle/ruby/4.0.0/gems/logger-1.7.0/lib/logger.rb
00000785	test/utils/ast/formula_ast_spec.rb
00000757	utils/ast.rb
00000756	vendor/bundle/ruby/4.0.0/gems/sorbet-runtime-0.6.13412/lib/types/props/decorator.rb
00000746	test/livecheck/skip_conditions_spec.rb
00000736	test/dev-cmd/bump-cask-pr_spec.rb
00000735	test/cmd/update-report_spec.rb
00000734	sandbox.rb
00000730	vendor/bundle/ruby/4.0.0/gems/sorbet-runtime-0.6.13412/lib/types/private/methods/_methods.rb
00000723	test/bundle/installer_spec.rb
00000722	vendor/bundle/ruby/4.0.0/gems/elftools-1.3.1/lib/elftools/constants.rb
00000722	sbom.rb
00000712	test/services/cli_spec.rb
00000712	test/dev-cmd/contributions_spec.rb
00000709	vendor/bundle/ruby/4.0.0/gems/ruby-macho-6.0.0/lib/macho/macho_file.rb
00000694	test/vulns/vulnerability_spec.rb
00000691	test/cask/cask_loader_spec.rb
00000681	extend/os/mac/diagnostic.rb
00000668	completions.rb
00000665	test/tab_spec.rb
00000650	test/livecheck/livecheck_spec.rb
00000650	test/dev-cmd/bottle_spec.rb
00000642	cli/named_args.rb
00000641	vulns/match.rb
00000634	rubocops/install_steps.rb
00000631	api.rb
00000626	test/trust_spec.rb
00000626	test/sandbox_shared_spec.rb
00000620	test/cmd/bundle/cleanup_subcommand_spec.rb
00000619	test/completions_spec.rb
00000610	upgrade.rb
00000607	test/cmd/install_spec.rb
00000606	trust.rb
00000599	cask/artifact/abstract_uninstall.rb
00000595	dev-cmd/pr-pull.rb
00000591	style.rb
00000590	system_command.rb
00000588	vendor/bundle/ruby/4.0.0/gems/concurrent-ruby-1.3.8/lib/concurrent-ruby/concurrent/agent.rb
00000588	test/rubocops/cask/install_steps_spec.rb
00000588	github_packages.rb
00000584	test/rubocops/cask/stanza_order_spec.rb
00000583	vendor/bundle/ruby/4.0.0/gems/ruby-macho-6.0.0/lib/macho/code_signing.rb
00000583	test/vulns/scanner_spec.rb
00000580	vendor/bundle/ruby/4.0.0/gems/concurrent-ruby-1.3.8/lib/concurrent-ruby/concurrent/promise.rb
00000580	download_queue.rb
00000573	dev-cmd/bump-cask-pr.rb
00000566	test/dev-cmd/bump_spec.rb
00000557	resource.rb
00000552	utils/pypi.rb
00000552	test/rubocops/patches_spec.rb
00000546	test/rubocops/text/on_system_conditionals_spec.rb
00000542	test/download_strategies/curl_spec.rb
00000541	rubocops/shared/helper_functions.rb
00000539	migrator.rb
00000537	utils/analytics.rb
00000536	cmd/install.rb
00000536	bundle/extensions/winget.rb
00000535	test_bot/formulae_dependents.rb
00000532	test/env_config_spec.rb
00000524	test_bot/test_formulae.rb
00000523	extend/pathname.rb
00000519	vendor/bundle/ruby/4.0.0/gems/bindata-2.5.1/lib/bindata/io.rb
00000512	test/caveats_spec.rb
00000510	test/livecheck/strategy/sparkle_spec.rb
00000507	test/cask/caskroom_spec.rb
00000498	utils/github/api.rb
00000494	vendor/bundle/ruby/4.0.0/gems/sorbet-runtime-0.6.13412/lib/types/configuration.rb
00000493	cask/upgrade.rb
00000490	test/bundle/uv_spec.rb
00000487	test/services/formula_wrapper_spec.rb
00000486	vendor/bundle/ruby/4.0.0/gems/ruby-macho-6.0.0/lib/macho/fat_file.rb
00000486	vendor/bundle/ruby/4.0.0/gems/bindata-2.5.1/lib/bindata/dsl.rb
00000485	test/livecheck/strategy_spec.rb
00000483	formula_cellar_checks.rb
00000482	keg_relocate.rb
00000481	extend/os/linux/sandbox/landlock.rb
00000478	test/rubocops/cask/on_system_conditionals_spec.rb
00000476	test/rubocops/cask/uninstall_methods_order_spec.rb
00000476	test/cmd/update_spec.rb
00000474	dev-cmd/formula-analytics.rb
00000473	test/rubocops/cask/stanza_grouping_spec.rb
00000468	cmd/deps.rb
00000464	test/api_spec.rb
00000462	test/vulns/identify_spec.rb
00000458	test/cask/artifact/app_spec.rb
00000452	services/cli.rb
00000451	vulns/vulnerability.rb
00000451	test/dev-cmd/generate-cask-ci-matrix_spec.rb
00000449	vendor/bundle/ruby/4.0.0/gems/concurrent-ruby-1.3.8/lib/concurrent-ruby/concurrent/async.rb
00000447	test/rubocops/presence_spec.rb
00000447	tab/tab.rb
00000447	bundle/subcommand/exec.rb
00000445	language/python.rb
00000442	cmd/update-report.rb
00000440	test/spec_helper.rb
00000439	vendor/bundle/ruby/4.0.0/gems/bindata-2.5.1/lib/bindata/struct.rb
00000439	cmd/update_report/reporter.rb
00000437	test/sandbox_landlock_spec.rb
00000431	bundle/extensions/flatpak.rb
00000428	vendor/bundle/ruby/4.0.0/gems/sorbet-runtime-0.6.13412/lib/types/enum.rb
00000424	extend/ENV/super.rb
00000422	vendor/bundle/ruby/4.0.0/gems/sorbet-runtime-0.6.13412/lib/types/_types.rb
00000422	test/bundle/flatpak_spec.rb
00000419	test/patch_spec.rb
00000418	test/cli/named_args_spec.rb
00000418	software_spec.rb
00000418	dev-cmd/audit.rb
00000417	bottle.rb
00000414	test/test_runner_formula_spec.rb
00000413	test/vulns/osv_export_spec.rb
00000413	cmd/list.rb
00000412	test/rubocops/os_depends_on_spec.rb
00000412	services/formula_wrapper.rb
00000411	bundle/extensions/extension.rb
00000409	os/mac/xcode.rb
00000408	mcp_server.rb
00000407	utils/bottles.rb
00000403	test/utils/spdx_spec.rb
00000403	linkage_checker.rb
00000402	test/patching_spec.rb
00000401	test/cmd/bundle/check_subcommand_spec.rb
00000398	test/system_command_spec.rb
00000396	vendor/bundle/ruby/4.0.0/gems/concurrent-ruby-1.3.8/lib/concurrent-ruby/concurrent/executor/ruby_thread_pool_executor.rb
00000396	test/rubocops/text/miscellaneous_spec.rb
00000394	vendor/bundle/ruby/4.0.0/gems/sorbet-runtime-0.6.13412/lib/types/private/methods/call_validation.rb
00000393	test/github_runner_matrix_spec.rb
00000392	utils/output.rb
00000391	cask/macos.rb
00000388	extend/ENV/shared.rb
00000387	bundle/subcommand/cleanup.rb
00000386	vendor/bundle/ruby/4.0.0/gems/concurrent-ruby-1.3.8/lib/concurrent-ruby/concurrent/atomic/reentrant_read_write_lock.rb
00000386	requirement.rb
00000386	dev-cmd/generate-cask-ci-matrix.rb
00000384	test/download_queue_spec.rb
00000382	utils/shared_audits.rb
00000381	test/cask/tab_spec.rb
00000381	test/bundle/cargo_spec.rb
00000380	bundle/extensions/uv.rb
00000379	test/cask/dsl/caveats_spec.rb
00000377	vendor/bundle/ruby/4.0.0/gems/elftools-1.3.1/lib/elftools/elf_file.rb
00000376	livecheck/strategy.rb
00000374	test/keg_spec.rb
00000374	test/bundle/winget_spec.rb
00000369	test/cask/dsl/version_spec.rb
00000369	commands.rb
00000368	dev-cmd/tests.rb
00000366	vendor/bundle/ruby/4.0.0/gems/concurrent-ruby-1.3.8/lib/concurrent-ruby/concurrent/timer_task.rb
00000366	test/rubocops/unreferenced_let_spec.rb
00000365	vendor/bundle/ruby/4.0.0/gems/bindata-2.5.1/lib/bindata/sanitize.rb
00000364	cmd/fetch.rb
00000363	test/test_bot/formulae_spec.rb
00000360	test/dev-cmd/generate-zap_spec.rb
00000360	test/cask/cask_loader/from_api_loader_spec.rb
00000359	dev-cmd/unbottled.rb
00000358	test/livecheck/strategy/git_spec.rb
00000357	test/rubocops/urls_spec.rb
00000357	test/cask/uninstall_spec.rb
00000356	vendor/bundle/ruby/4.0.0/gems/sorbet-runtime-0.6.13412/lib/types/private/methods/signature_validation.rb
00000353	vendor/bundle/ruby/4.0.0/gems/concurrent-ruby-1.3.8/lib/concurrent-ruby/concurrent/exchanger.rb
00000353	test/cask/artifact/shared_examples/uninstall_zap.rb
00000353	test/bundle/cask_spec.rb
00000352	test/cmd/list_spec.rb
00000351	vendor/bundle/ruby/4.0.0/gems/sorbet-runtime-0.6.13412/lib/types/props/serializable.rb
00000350	vendor/bundle/ruby/4.0.0/gems/concurrent-ruby-1.3.8/lib/concurrent-ruby/concurrent/map.rb
00000346	test/livecheck_spec.rb
00000344	vendor/bundle/ruby/4.0.0/gems/bindata-2.5.1/lib/bindata/array.rb
00000343	dependency.rb
00000343	cmd/reinstall.rb
00000342	test/utils/cpan_spec.rb
00000342	test/resource_spec.rb
00000341	test/utils/pypi_spec.rb
00000340	livecheck/skip_conditions.rb
00000335	dev-cmd/generate-zap.rb
00000332	download_strategy/curl_download_strategy.rb
00000332	api/internal.rb
00000331	vendor/bundle/ruby/4.0.0/gems/concurrent-ruby-1.3.8/lib/concurrent-ruby/concurrent/scheduled_task.rb
00000331	test/cask/info_spec.rb
00000331	install_steps/formula_actions.rb
00000329	test/cmd/bundle/exec_subcommand_spec.rb
00000328	test/sbom_spec.rb
00000328	test/rubocops/deprecate_disable/reason_spec.rb
00000328	github_runner_matrix.rb
00000327	extend/os/linux/diagnostic.rb
00000325	bundle/parallel_installer.rb
00000324	vendor/bundle/ruby/4.0.0/gems/bindata-2.5.1/lib/bindata/base.rb
00000323	utils/gem_setup.rb
00000323	test/cleaner_spec.rb
00000323	api/formula/formula_struct_generator.rb
00000322	test/api/formula_struct_spec.rb
00000320	vendor/bundle/ruby/4.0.0/gems/sorbet-runtime-0.6.13412/lib/types/props/private/setter_factory.rb
00000320	test/cmd/tap-info_spec.rb
00000320	test/ENV_spec.rb
00000320	resource_auditor.rb
00000319	readall.rb
00000318	test/utils/analytics_spec.rb
00000318	test/api/cask_struct_spec.rb
00000315	download_strategy/git_download_strategy.rb
00000312	formula_creator.rb
00000311	test/support/helper/spec/shared_context/integration_test.rb
00000311	test/rubocops/dependency_order_spec.rb
00000311	bundle/extensions/cargo.rb
00000310	utils/spdx.rb
00000310	test/rubocops/lines/generate_completions_spec.rb
00000309	test/pathname_spec.rb
00000309	test/diagnostic_checks_spec.rb
00000309	test/bundle/mac_app_store_spec.rb
00000308	caveats.rb
00000307	rubocops/shared/url_helper.rb
00000305	test/api/internal_spec.rb
00000303	os/linux/elf.rb
00000303	bundle/extensions/mac_app_store.rb
00000302	test/vulns/repology_spec.rb
00000301	test/tap_auditor_spec.rb
00000301	test/language/python/virtualenv_spec.rb
00000299	extend/os/mac/keg_relocate.rb
00000299	api/packages_index.rb
00000298	test/attestation_spec.rb
00000298	downloadable.rb
00000297	dev-cmd/typecheck.rb
00000296	test/utils_spec.rb
00000296	test/cmd/untap_spec.rb
00000296	hardware.rb
00000294	test/software_spec_spec.rb
00000294	rubocops/shared/on_system_conditionals_helper.rb
00000292	test/mcp_server_spec.rb
00000291	cmd/outdated.rb
00000291	bundle/cask.rb
00000290	test_bot/test_runner.rb
00000290	test/requirement_spec.rb
00000289	vendor/bundle/ruby/4.0.0/gems/patchelf-1.6.2/lib/patchelf/saver.rb
00000289	test/utils/string_inreplace_extension_spec.rb
00000287	cask/download.rb
00000286	test_bot/step.rb
00000285	build.rb
00000284	vendor/bundle/ruby/4.0.0/gems/ruby-macho-6.0.0/lib/macho/structure.rb
00000283	vendor/bundle/ruby/4.0.0/gems/sorbet-runtime-0.6.13412/lib/types/props/generated_code_validation.rb
00000283	test/cmd/as-console-user_spec.rb
00000283	rubocops/extend/formula_cop.rb
00000282	rubocops/unreferenced_let.rb
00000280	test/exceptions_spec.rb
00000280	rubocops/components_order.rb
00000279	test/installed_dependents_spec.rb
00000276	rubocops/os_depends_on.rb
00000276	cask/quarantine.rb
00000276	api/cask_struct.rb
00000274	unversioned_cask_checker.rb
00000273	vendor/bundle/ruby/4.0.0/gems/sorbet-runtime-0.6.13412/lib/types/private/methods/signature.rb
00000273	test_bot/formulae_detect.rb
00000272	livecheck/strategy/sparkle.rb
00000272	attestation.rb
00000271	cask/artifact/moved.rb
00000269	test/rubocops/resource_requires_dependencies_spec.rb
00000269	dev-cmd/advisory-match.rb
00000268	vendor/bundle/ruby/4.0.0/gems/concurrent-ruby-1.3.8/lib/concurrent-ruby/concurrent/atomic/read_write_lock.rb
00000268	test/rubocops/text_spec.rb
00000268	dev-cmd/release.rb
00000267	unpack_strategy/dmg.rb
00000267	dependency_collector.rb
00000265	vendor/bundle/ruby/4.0.0/gems/sorbet-runtime-0.6.13412/lib/types/private/methods/decl_builder.rb
00000265	vendor/bundle/ruby/4.0.0/gems/logger-1.7.0/lib/logger/log_device.rb
00000263	vendor/bundle/ruby/4.0.0/gems/plist-3.7.2/lib/plist/parser.rb
00000263	test/rubocops/cask/array_alphabetization_spec.rb
00000262	cask/artifact/abstract_artifact.rb
00000260	test/migrator_spec.rb
00000260	test/livecheck/strategy/xml_spec.rb
00000260	dev-cmd/extract.rb
00000258	test/utils/git_spec.rb
00000258	test/rubocops/cask/no_overrides_spec.rb
00000258	test/dev-cmd/pr-pull_spec.rb
00000258	search.rb
00000258	cask/config.rb
00000257	test/dev-cmd/bump-formula-pr_spec.rb
00000257	cask/exceptions.rb
00000257	brew.rb
00000256	vendor/bundle/ruby/4.0.0/gems/patchelf-1.6.2/lib/patchelf/patcher.rb
00000255	livecheck.rb
00000255	dev-cmd/create.rb
00000254	api/formula_struct.rb
00000252	vendor/bundle/ruby/4.0.0/gems/bindata-2.5.1/lib/bindata/base_primitive.rb
00000251	test/cask/quarantine_spec.rb
00000250	vendor/bundle/ruby/4.0.0/gems/ruby-macho-6.0.0/lib/macho/exceptions.rb
00000250	utils.rb
00000250	cask/caskroom.rb
00000249	unpack_strategy.rb
00000249	rubocops/cask/install_steps.rb
00000246	vendor/bundle/ruby/4.0.0/gems/concurrent-ruby-1.3.8/lib/concurrent-ruby/concurrent/thread_safe/util/striped64.rb
00000245	test/dev-cmd/lgtm_spec.rb
00000245	test/cmd/readall_spec.rb
00000244	manpages.rb
00000243	test/test_bot_spec.rb
00000242	vendor/bundle/ruby/4.0.0/gems/concurrent-ruby-1.3.8/lib/concurrent-ruby/concurrent/mvar.rb
00000242	test/rubocops/text/java_versions_spec.rb
00000241	test/utils/output_spec.rb
00000240	test/style_spec.rb
00000240	test/rubocops/bottle/bottle_order_spec.rb
00000240	rubocops/public_api_cookbook.rb
00000239	vendor/bundle/ruby/4.0.0/gems/concurrent-ruby-1.3.8/lib/concurrent-ruby/concurrent/mutable_struct.rb
00000238	rubocops/livecheck.rb
00000233	vulns/scanner.rb
00000233	test/livecheck/strategy/header_match_spec.rb
00000232	extend/kernel.rb
00000231	test/cask/config_spec.rb
00000230	test/bundle/brewfile_spec.rb
00000229	vendor/bundle/ruby/4.0.0/gems/concurrent-ruby-1.3.8/lib/concurrent-ruby/concurrent/maybe.rb
00000229	test/utils/path_spec.rb
00000229	test/livecheck/strategy/extract_plist_spec.rb
00000229	test/api/formula_spec.rb
00000229	system_config.rb
00000229	livecheck/strategy/git.rb
00000228	vulns/identify.rb
00000228	test/search_spec.rb
00000228	test/cmd/bundle_spec.rb
00000228	missing_formula.rb
00000226	vendor/bundle/ruby/4.0.0/gems/sorbet-runtime-0.6.13412/lib/types/utils.rb
00000226	tap_auditor.rb
00000224	test/rubocops/text/python_versions_spec.rb
00000224	cask/dsl/depends_on.rb
00000222	vulns/osv_export.rb
00000222	vendor/bundle/ruby/4.0.0/gems/concurrent-ruby-1.3.8/lib/concurrent-ruby/concurrent/tvar.rb
00000222	vendor/bundle/ruby/4.0.0/gems/concurrent-ruby-1.3.8/lib/concurrent-ruby/concurrent/executor/fixed_thread_pool.rb
00000222	vendor/bundle/ruby/4.0.0/gems/concurrent-ruby-1.3.8/lib/concurrent-ruby/concurrent/atom.rb
00000222	vendor/bundle/ruby/4.0.0/gems/bindata-2.5.1/lib/bindata/skip.rb
00000221	utils/formatter.rb
00000221	test/os/mac/diagnostic_spec.rb
00000220	vendor/bundle/ruby/4.0.0/gems/concurrent-ruby-1.3.8/lib/concurrent-ruby/concurrent/utility/processor_counter.rb
00000220	vendor/bundle/ruby/4.0.0/gems/concurrent-ruby-1.3.8/lib/concurrent-ruby/concurrent/concern/obligation.rb
00000220	bundle/installer.rb
00000219	vendor/bundle/ruby/4.0.0/gems/elftools-1.3.1/lib/elftools/structs.rb
00000218	test/livecheck/strategy/github_releases_spec.rb
00000216	vendor/bundle/ruby/4.0.0/gems/ruby-macho-6.0.0/lib/macho/sections.rb
00000216	test/cmd/vulns_spec.rb
00000216	cask/info.rb
00000215	test/vulns/cpan_sec_spec.rb
00000214	test/utils/ast/cask_ast_spec.rb
00000214	test/cmd/source_spec.rb
00000214	tap/core_tap.rb
00000214	cmd/update_report/reporter_hub.rb
00000213	test/rubocops/formula_path_methods_spec.rb
00000213	test/deprecate_disable_spec.rb
00000212	vendor/bundle/ruby/4.0.0/gems/bindata-2.5.1/lib/bindata/int.rb
00000212	test/rubocops/shell_commands_spec.rb
00000212	cmd/source.rb
00000211	vulns/repology.rb
00000211	utils/git.rb
00000211	test/cask/artifact/uninstall_spec.rb
00000210	cask/dsl/caveats.rb
00000209	cleaner.rb
00000208	vendor/bundle/ruby/4.0.0/gems/concurrent-ruby-1.3.8/lib/concurrent-ruby/concurrent/ivar.rb
00000208	test/cmd/outdated_spec.rb
00000208	os/mac/mach.rb
00000207	test/cask/migrator_spec.rb
00000207	test/bundle/dsl_spec.rb
00000207	rubocops/patches.rb
00000207	os/mac.rb
00000205	vendor/bundle/ruby/4.0.0/gems/sorbet-runtime-0.6.13412/lib/types/types/base.rb
00000205	rubocops/cask/on_system_conditionals.rb
00000205	rubocops/bottle.rb
00000205	cask/dsl/version.rb
00000204	livecheck/strategy/extract_plist.rb
00000203	test/services/system_spec.rb
00000202	vendor/gems/mechanize-2.14.0/lib/mechanize/http/content_disposition_parser.rb
00000202	test/rubocops/public_api_cookbook_spec.rb
00000201	tab.rb
00000201	rubocops/text.rb
00000201	api/formula.rb
00000199	vendor/bundle/ruby/4.0.0/gems/concurrent-ruby-1.3.8/lib/concurrent-ruby/concurrent/delay.rb
00000199	utils/path.rb
00000199	test/cask/artifact/install_steps_spec.rb
00000198	vendor/bundle/ruby/4.0.0/gems/bindata-2.5.1/lib/bindata/delayed_io.rb
00000198	test/utils/autoremove_spec.rb
00000198	test/livecheck/strategy/apache_spec.rb
00000198	test/commands_spec.rb
00000198	test/cask/pkg_spec.rb
00000198	development_tools.rb
00000198	bundle/package_type.rb
00000196	utils/cpan.rb
00000196	test/formatter_spec.rb
00000195	vendor/bundle/ruby/4.0.0/gems/bindata-2.5.1/lib/bindata/buffer.rb
00000195	test/utils/github_spec.rb
00000195	test/livecheck/strategy/xorg_spec.rb
00000195	test/cask/artifact/generated_completion_spec.rb
00000195	dev-cmd/tap-new.rb
00000194	test/cask/download_spec.rb
00000194	rubocops/shared/api_annotation_helper.rb
00000194	rubocops/cask/uninstall_methods_order.rb
00000194	bundle/extensions/vscode_extension.rb
00000193	vendor/bundle/ruby/4.0.0/gems/sorbet-runtime-0.6.13412/lib/types/types/union.rb
00000193	test_bot/test_cleanup.rb
00000193	test_bot.rb
00000193	test/api/formula/formula_struct_generator_spec.rb
00000193	extend/os/mac/sandbox.rb
00000193	extend/ENV/std.rb
00000193	download_strategy/abstract_download_strategy.rb
00000192	test/vulns/osv_spec.rb
00000192	cmd/tap-info.rb
00000192	cli/args.rb
00000192	cask/migrator.rb
00000192	bundle/dsl.rb
00000191	git_repository.rb
00000189	vendor/bundle/ruby/4.0.0/gems/concurrent-ruby-1.3.8/lib/concurrent-ruby/concurrent/atomic/locals.rb
00000189	vendor/bundle/ruby/4.0.0/gems/bindata-2.5.1/lib/bindata/choice.rb
00000189	utils/tty.rb
00000189	test/os/mac/mach_spec.rb
00000189	test/cmd/help_spec.rb
00000189	rubocops/dependency_order.rb
00000189	on_system.rb
00000189	extend/os/mac/keg.rb
00000189	cmd/uses.rb
00000187	test/github_packages_spec.rb
00000187	requirements/macos_requirement.rb
00000187	bundle/tap.rb
00000186	vendor/bundle/ruby/4.0.0/gems/sorbet-runtime-0.6.13412/lib/types/props/private/serde_transform.rb
00000186	vendor/bundle/ruby/4.0.0/gems/patchelf-1.6.2/lib/patchelf/mm.rb
00000186	vendor/bundle/ruby/4.0.0/gems/bindata-2.5.1/lib/bindata/bits.rb
00000186	utils/shell.rb
00000186	test/rubocops/text/strict_spec.rb
00000186	test/missing_formula_spec.rb
00000185	vendor/bundle/ruby/4.0.0/gems/sorbet-runtime-0.6.13412/lib/types/types/typed_enumerable.rb
00000185	vendor/bundle/ruby/4.0.0/gems/concurrent-ruby-1.3.8/lib/concurrent-ruby/concurrent/executor/executor_service.rb
00000184	test/dev-cmd/advisory-match_spec.rb
00000184	test/bundle/tap_spec.rb
00000184	dev-cmd/bump-unversioned-casks.rb
00000183	test/rubocops/desc_spec.rb
00000183	test/cmd/reinstall_spec.rb
00000183	test/bundle/brew_services_spec.rb
00000182	test/rubocops/homepage_spec.rb
00000182	test/rubocops/cask/url_spec.rb
00000182	bundle/checker.rb
00000182	api/cask/cask_struct_generator.rb
00000181	services/system.rb
00000181	os/mac/sdk.rb
00000180	test/system_command_result_spec.rb
00000180	test/bundle/npm_spec.rb
00000180	extend/os/linux/hardware/cpu.rb
00000179	vendor/bundle/ruby/4.0.0/gems/concurrent-ruby-1.3.8/lib/concurrent-ruby/concurrent/executor/timer_set.rb
00000179	test/dependency_expansion_spec.rb
00000179	rubocops/presence.rb
00000179	dev-cmd/pr-upload.rb
00000178	vendor/bundle/ruby/4.0.0/gems/plist-3.7.2/lib/plist/generator.rb
00000178	vendor/bundle/ruby/4.0.0/gems/elftools-1.3.1/lib/elftools/dynamic.rb
00000178	test/cmd/bundle/install_subcommand_spec.rb
00000178	rubocops/urls.rb
00000178	cask/artifact/generated_completion.rb
00000177	cache_store.rb
00000177	bundle.rb
00000177	bottle_specification.rb
00000176	vendor/bundle/ruby/4.0.0/gems/sorbet-runtime-0.6.13412/lib/types/props/has_lazily_specialized_methods.rb
00000175	utils/phase_timings.rb
00000175	extend/os/mac/extend/ENV/super.rb
00000174	cmd/search.rb
00000172	descriptions.rb
00000171	vendor/bundle/ruby/4.0.0/gems/concurrent-ruby-1.3.8/lib/concurrent-ruby/concurrent/synchronization/abstract_struct.rb
00000171	test/bash_spec.rb
00000171	macos_version.rb
00000170	vendor/bundle/ruby/4.0.0/gems/sorbet-runtime-0.6.13412/lib/types/props/private/apply_default.rb
00000169	test/vulns/output_spec.rb
00000169	test/bundle/skipper_spec.rb
00000169	livecheck/strategy/xml.rb
00000168	bump.rb
00000167	vendor/bundle/ruby/4.0.0/gems/concurrent-ruby-1.3.8/lib/concurrent-ruby/concurrent/atomic/atomic_markable_reference.rb
00000167	test/livecheck/strategy/gnu_spec.rb
00000167	test/dev-cmd/generate-vulns-advisories_spec.rb
00000167	bundle/brew_services.rb
00000166	vendor/bundle/ruby/4.0.0/gems/sorbet-runtime-0.6.13412/lib/types/props/_props.rb
00000166	cmd/gist-logs.rb
00000165	dev-cmd/livecheck.rb
00000165	dev-cmd/generate-analytics-api.rb
00000164	test/macos_version_spec.rb
00000163	vendor/bundle/ruby/4.0.0/gems/concurrent-ruby-1.3.8/lib/concurrent-ruby/concurrent/atomic/semaphore.rb
00000163	test/os/mac/formula_spec.rb
00000163	test/dependency_spec.rb
00000163	test/cmd/exec_spec.rb
00000161	test/simulate_system_spec.rb
00000161	test/bundle/trust_spec.rb
00000161	dev-cmd/update-test.rb
00000160	vendor/bundle/ruby/4.0.0/gems/concurrent-ruby-1.3.8/lib/concurrent-ruby/concurrent/collection/ruby_non_concurrent_priority_queue.rb
00000160	vendor/bundle/ruby/4.0.0/gems/concurrent-ruby-1.3.8/lib/concurrent-ruby/concurrent/collection/lock_free_stack.rb
00000160	test/vulns/purl_spec.rb
00000159	test/rubocops/text/option_declarations_spec.rb
00000159	test/livecheck/strategy/yaml_spec.rb
00000159	test/cmd/uninstall_spec.rb
00000158	test/bundle/krew_spec.rb
00000158	livecheck/strategy/github_releases.rb
00000158	global.rb
00000157	uninstall.rb
00000155	test/utils/shell_spec.rb
00000155	test/rubocops/urls/http_spec.rb
00000155	test/livecheck/options_spec.rb
00000155	livecheck/strategy/xorg.rb
00000155	cmd/untap.rb
00000155	api/cask.rb
00000154	vendor/bundle/ruby/4.0.0/gems/sorbet-runtime-0.6.13412/lib/types/props/private/deserializer_generator.rb
00000154	test/livecheck/strategy/json_spec.rb
00000154	test/bottle_spec.rb
00000153	vendor/bundle/ruby/4.0.0/gems/bindata-2.5.1/lib/bindata/string.rb
00000153	reinstall/reinstall.rb
00000152	test/rubocops/deprecate_disable/date_spec.rb
00000152	test/cask/list_spec.rb
00000152	extend/os/mac/formula_cellar_checks.rb
00000152	dev-cmd/edit.rb
00000152	cask/utils.rb
00000151	vendor/bundle/ruby/4.0.0/gems/concurrent-ruby-1.3.8/lib/concurrent-ruby/concurrent/synchronization/object.rb
00000151	extend/os/mac/hardware/cpu/hardware.rb
00000150	language/node.rb
00000150	cmd/vulns.rb
00000149	test/formula_installer_bottle_spec.rb
00000149	debrew.rb
00000148	vendor/bundle/ruby/4.0.0/gems/patchelf-1.6.2/lib/patchelf/cli.rb
00000148	vendor/bundle/ruby/4.0.0/gems/concurrent-ruby-1.3.8/lib/concurrent-ruby/concurrent/collection/map/non_concurrent_map_backend.rb
00000148	test/rubocops/bottle/bottle_format_spec.rb
00000147	vendor/bundle/ruby/4.0.0/gems/concurrent-ruby-1.3.8/lib/concurrent-ruby/concurrent/executor/java_thread_pool_executor.rb
00000147	test/os/linux/diagnostic_spec.rb
00000147	cask/auditor.rb
00000146	utils/fork.rb
00000146	test/cmd/version-install_spec.rb
00000145	test/support/helper/subcommand.rb
00000145	dev-cmd/test-bot.rb
00000145	cask/artifact/symlinked.rb
00000144	vendor/bundle/ruby/4.0.0/gems/concurrent-ruby-1.3.8/lib/concurrent-ruby/concurrent/atomic/atomic_fixnum.rb
00000144	test/livecheck/strategy/crate_spec.rb
00000144	test/bundle/vscode_extension_spec.rb
00000144	homebrew.rb
00000144	cmd/link.rb
00000143	vendor/bundle/ruby/4.0.0/gems/concurrent-ruby-1.3.8/lib/concurrent-ruby/concurrent/collection/non_concurrent_priority_queue.rb
00000143	vendor/bundle/ruby/4.0.0/gems/bindata-2.5.1/lib/bindata/primitive.rb
00000143	test/cmd/services/list_subcommand_spec.rb
00000143	rubocops/shell_commands.rb
00000142	vendor/bundle/ruby/4.0.0/gems/concurrent-ruby-1.3.8/lib/concurrent-ruby/concurrent/atomic/atomic_reference.rb
00000141	vendor/bundle/ruby/4.0.0/gems/concurrent-ruby-1.3.8/lib/concurrent-ruby/concurrent/future.rb
00000141	test/sandbox_spec.rb
00000141	test/rubocops/cask/variables_spec.rb
00000141	test/livecheck/strategy/page_match_spec.rb
00000141	cmd/version-install.rb
00000141	cask/tab.rb
00000140	test/dev-cmd/tests_spec.rb
00000140	test/bundle/go_spec.rb
00000140	rubocops/full_name_split.rb
00000140	cask/pkg.rb
00000139	vendor/bundle/ruby/4.0.0/gems/concurrent-ruby-1.3.8/lib/concurrent-ruby/concurrent/settable_struct.rb
00000139	test/livecheck/strategy/github_latest_spec.rb
00000139	test/livecheck/strategy/bitbucket_spec.rb
00000139	test/cask/artifact/binary_spec.rb
00000139	cmd/uninstall.rb
00000138	test/os/mac/pkgconfig_spec.rb
00000138	test/cmd/trust_spec.rb
00000138	test/cache_store_spec.rb
00000138	os.rb
00000138	help.rb
00000137	vendor/bundle/ruby/4.0.0/gems/sorbet-runtime-0.6.13412/lib/types/compatibility_patches.rb
00000137	test/utils/shared_audits_spec.rb
00000137	locale.rb
00000136	test/rubocops/zero_zero_zero_zero_spec.rb
00000136	test/cmd/config_spec.rb
00000135	test/cmd/bundle/remove_subcommand_spec.rb
00000135	rubocops/formula_path_methods.rb
00000135	os/mac/ffi/security.rb
00000135	extend/os/linux/system_config.rb
00000135	dev-cmd/generate-formula-api.rb
00000134	vendor/bundle/ruby/4.0.0/gems/sorbet-runtime-0.6.13412/lib/types/types/simple.rb
00000134	vendor/bundle/ruby/4.0.0/gems/concurrent-ruby-1.3.8/lib/concurrent-ruby/concurrent.rb
00000134	test/upgrade_spec.rb
00000133	test/rubocops/components_redundancy_spec.rb
00000132	vendor/bundle/ruby/4.0.0/gems/ruby-macho-6.0.0/lib/macho/utils.rb
00000132	test/rubocops/no_base64_spec.rb
00000132	test/install_spec.rb
00000132	test/cmd/deps_spec.rb
00000132	dev-cmd/test.rb
00000132	deprecate_disable.rb
00000131	vendor/bundle/ruby/4.0.0/gems/concurrent-ruby-1.3.8/lib/concurrent-ruby/concurrent/executor/abstract_executor_service.rb
00000131	vendor/bundle/ruby/4.0.0/gems/concurrent-ruby-1.3.8/lib/concurrent-ruby/concurrent/atomic/mutex_semaphore.rb
00000131	livecheck/options.rb
00000131	extend/os/mac/extend/ENV/std.rb
00000131	extend/os/mac/cask/quarantine.rb
00000131	build_options.rb
00000130	vulns/cpan_sec.rb
00000130	vendor/bundle/ruby/4.0.0/gems/bindata-2.5.1/lib/bindata/params.rb
00000130	test/vulns/semver_spec.rb
00000130	test/rubocops/public_api_documentation_spec.rb
00000130	test/cask/dsl/shared_examples/staged.rb
00000130	livecheck/strategy/json.rb
00000129	vendor/bundle/ruby/4.0.0/gems/bindata-2.5.1/lib/bindata/registry.rb
00000129	test/download_strategies/git_spec.rb
00000129	dev-cmd/generate-vulns-advisories.rb
00000129	bundle/extensions/go.rb
00000128	vendor/bundle/ruby/4.0.0/gems/sorbet-runtime-0.6.13412/lib/types/private/abstract/validate.rb
00000128	vendor/bundle/ruby/4.0.0/gems/concurrent-ruby-1.3.8/lib/concurrent-ruby/concurrent/atomic/cyclic_barrier.rb
00000128	test/vulns/advisory_database_spec.rb
00000128	test/rubocops/text/macos_on_linux_spec.rb
00000128	test/rubocops/bottle/bottle_digest_indentation_spec.rb
00000128	test/git_repository_spec.rb
00000128	test/bottle_specification_spec.rb
00000128	livecheck/strategy/yaml.rb
00000128	download_strategy/abstract_file_download_strategy.rb
00000128	dev-cmd/unpack.rb
00000128	bundle_version.rb
00000127	vendor/bundle/ruby/4.0.0/gems/elftools-1.3.1/lib/elftools/sections/sym_tab_section.rb
00000127	vendor/bundle/ruby/4.0.0/gems/concurrent-ruby-1.3.8/lib/concurrent-ruby/concurrent/atomic/atomic_boolean.rb
00000127	utils/popen.rb
00000127	test/rubocops/cask/desc_spec.rb
00000127	test/bump_version_parser_spec.rb
00000127	extend/os/linux/install.rb
00000126	test/dev-cmd/formula-analytics_spec.rb
00000126	test/cmd/which-formula_spec.rb
00000126	rubocops/uses_from_macos.rb
00000126	os/mac/ffi/core_foundation.rb
00000125	vulns/output.rb
00000125	vendor/bundle/ruby/4.0.0/gems/sorbet-runtime-0.6.13412/lib/sorbet-runtime.rb
00000125	vendor/bundle/ruby/4.0.0/gems/elftools-1.3.1/lib/elftools/note.rb
00000125	test/language/python/shebang_spec.rb
00000125	os/linux/ld.rb
00000125	mktemp.rb
00000124	livecheck/strategy/bitbucket.rb
00000124	download_strategy/subversion_download_strategy.rb
00000124	cask/url.rb
00000123	cmd/--cache.rb
00000123	cask/artifact/relocated.rb
00000122	test/cmd/bundle/dump_subcommand_spec.rb
00000122	test/cmd/bundle/add_subcommand_spec.rb
00000122	rubocops/shared/desc_helper.rb
00000122	rubocops/compact_blank.rb
00000121	vendor/bundle/ruby/4.0.0/gems/concurrent-ruby-1.3.8/lib/concurrent-ruby/concurrent/concern/logging.rb
00000121	test/support/helper/cmd/brew-verify-undefined.rb
00000121	test/dev-cmd/which-update_spec.rb
00000121	test/PATH_spec.rb
00000121	livecheck/strategy/header_match.rb
00000119	test/rubocops/urls/git_spec.rb
00000119	test/os/linux/formula_spec.rb
00000119	livecheck/strategy/page_match.rb
00000119	livecheck/strategy/gnome.rb
00000118	test/livecheck/strategy/cpan_spec.rb
00000118	test/dependency_collector_spec.rb
00000118	test/bundle/dumper_spec.rb
00000117	vendor/bundle/ruby/4.0.0/gems/sorbet-runtime-0.6.13412/lib/types/types/fixed_hash.rb
00000117	test/hardware/cpu_spec.rb
00000117	test/cask/artifact/command_wrapper_spec.rb
00000117	rubocops/cask/stanza_grouping.rb
00000117	extend/hash/keys.rb
00000116	vendor/bundle/bundler/setup.rb
00000116	utils/github/actions.rb
00000116	test/livecheck/strategy/pypi_spec.rb
00000116	test/dev-cmd/prof_spec.rb
00000116	test/cmd/services/info_subcommand_spec.rb
00000116	options/options.rb
00000116	livecheck/strategy/apache.rb
00000116	cmd/--prefix.rb
00000115	vulns/advisory_database.rb
00000115	vendor/bundle/ruby/4.0.0/gems/ruby-macho-6.0.0/lib/macho/tools.rb
00000115	test/unpack_strategy/directory_spec.rb
00000115	test/rubocops/compact_blank_spec.rb
00000115	test/pkg_version_spec.rb
00000115	test/messages_spec.rb
00000115	test/cask/dsl/rename_spec.rb
00000115	simulate_system.rb
00000115	livecheck/strategy/sourceforge.rb
00000115	livecheck/strategy/gnu.rb
00000115	dev-cmd/lgtm.rb
00000115	cask/artifact/install_steps.rb
00000114	vendor/bundle/ruby/4.0.0/gems/sorbet-runtime-0.6.13412/lib/types/props/type_validation.rb
00000114	vendor/bundle/ruby/4.0.0/gems/sorbet-runtime-0.6.13412/lib/types/props/custom_type.rb
00000114	test/rubocops/no_autobump.rb
00000114	test/language/perl/shebang_spec.rb
00000114	test/download_strategies/curl_github_packages_spec.rb
00000114	test/dev-cmd/audit_spec.rb
00000114	extend/os/linux/extend/ENV/super.rb
00000114	cmd/untrust.rb
00000113	retryable_download.rb
00000113	extend/os/linux/keg_relocate.rb
00000113	dev-cmd/which-update.rb
00000113	dev-cmd/generate-internal-api.rb
00000113	cmd/trust.rb
00000113	cask_dependent.rb
00000112	test_bot/test.rb
00000112	test/livecheck/strategy/launchpad_spec.rb
00000112	test/diagnostic/finding_spec.rb
00000112	test/dev-cmd/release_spec.rb
00000112	rubocops/cask/ast/stanza.rb
00000112	livecheck/strategy/github_latest.rb
00000112	livecheck/strategy/crate.rb
00000112	description_cache_store.rb
00000112	abstract_subcommand.rb
00000111	vendor/bundle/ruby/4.0.0/gems/concurrent-ruby-1.3.8/lib/concurrent-ruby/concurrent/collection/copy_on_write_observer_set.rb
00000111	vendor/bundle/ruby/4.0.0/gems/concurrent-ruby-1.3.8/lib/concurrent-ruby/concurrent/atomic/thread_local_var.rb
00000111	utils/autoremove.rb
00000111	test/livecheck/strategy/npm_spec.rb
00000111	test/dev-cmd/generate-advisories-api_spec.rb
00000111	livecheck/strategy/pypi.rb
00000111	diagnostic/finding.rb
00000111	cask/artifact/pkg.rb
00000111	bundle/subcommand/install.rb
00000110	vendor/bundle/ruby/4.0.0/gems/sorbet-runtime-0.6.13412/lib/types/types/fixed_array.rb
00000110	vendor/bundle/ruby/4.0.0/gems/concurrent-ruby-1.3.8/lib/concurrent-ruby/concurrent/concern/observable.rb
00000110	test/livecheck/strategy/sourceforge_spec.rb
00000110	rubocops/no_base64.rb
00000110	dev-cmd/sh.rb
00000110	context.rb
00000109	vendor/bundle/ruby/4.0.0/gems/elftools-1.3.1/lib/elftools/sections/relocation_section.rb
00000109	vendor/bundle/ruby/4.0.0/gems/concurrent-ruby-1.3.8/lib/concurrent-ruby/concurrent/atomic/fiber_local_var.rb
00000109	vendor/bundle/ruby/4.0.0/gems/concurrent-ruby-1.3.8/lib/concurrent-ruby/concurrent/atomic/event.rb
00000109	vendor/bundle/ruby/4.0.0/gems/bindata-2.5.1/lib/bindata/lazy.rb
00000109	test/utils/tty_spec.rb
00000109	local_patch.rb
00000108	test/utils/shell_completion_spec.rb
00000108	test/requirements/macos_requirement_spec.rb
00000108	test/cmd/fetch_spec.rb
00000108	rubocops/cask/no_overrides.rb
00000108	rubocops/cask/constants/stanza.rb
00000108	dev-cmd/vendor-gems.rb
00000108	dev-cmd/generate-cask-api.rb
00000107	vendor/bundle/ruby/4.0.0/gems/concurrent-ruby-1.3.8/lib/concurrent-ruby/concurrent/executor/serialized_execution.rb
00000107	vendor/bundle/ruby/4.0.0/gems/concurrent-ruby-1.3.8/lib/concurrent-ruby/concurrent/collection/copy_on_notify_observer_set.rb
00000107	test/rubocops/no_send_in_tests_spec.rb
00000107	test/rubocops/blank_spec.rb
00000107	test/description_cache_store_spec.rb
00000106	yard/docstring_parser.rb
00000106	test/options_spec.rb
00000106	test/livecheck/strategy/hackage_spec.rb
00000106	test/descriptions_spec.rb
00000106	test/compiler_selector_spec.rb
00000106	extend/os/linux/dependency_collector.rb
00000106	extend/array.rb
00000106	dev-cmd/style.rb
00000105	vendor/bundle/ruby/4.0.0/gems/concurrent-ruby-1.3.8/lib/concurrent-ruby/concurrent/configuration.rb
00000105	test/cmd/bundle/list_subcommand_spec.rb
00000105	extend/pathname/observer_pathname_extension.rb
00000105	cmd/doctor.rb
00000104	vulns/cvss.rb
00000104	test_runner_formula.rb
00000104	test/utils/topological_hash_spec.rb
00000104	test/extend/kernel_spec.rb
00000104	test/cask/reinstall_spec.rb
00000104	extend/os/linux/sandbox.rb
00000104	cask/artifact/installer.rb
00000103	vendor/bundle/ruby/4.0.0/gems/concurrent-ruby-1.3.8/lib/concurrent-ruby/concurrent/executor/simple_executor_service.rb
00000103	test/utils/popen_spec.rb
00000103	test/os/linux/ld_spec.rb
00000103	livecheck/strategy/hackage.rb
00000103	dev-cmd/dispatch-build-bottle.rb
00000103	cask_artifact.rb
00000103	bundle/subcommand.rb
00000102	vendor/bundle/ruby/4.0.0/gems/sorbet-runtime-0.6.13412/lib/types/types/typed_module.rb
00000102	vendor/bundle/ruby/4.0.0/gems/sorbet-runtime-0.6.13412/lib/types/types/typed_class.rb
00000102	vendor/bundle/ruby/4.0.0/gems/concurrent-ruby-1.3.8/lib/concurrent-ruby/concurrent/synchronization/abstract_lockable_object.rb
00000102	test/formula_validation_spec.rb
00000102	test/bundle/bundle_spec.rb
00000102	download_strategy/vcs_download_strategy.rb
00000101	vulns/osv.rb
00000101	vendor/bundle/ruby/4.0.0/gems/sorbet-runtime-0.6.13412/lib/types/sig.rb
00000101	vendor/bundle/ruby/4.0.0/gems/concurrent-ruby-1.3.8/lib/concurrent-ruby/concurrent/synchronization/volatile.rb
00000101	vendor/bundle/ruby/4.0.0/gems/concurrent-ruby-1.3.8/lib/concurrent-ruby/concurrent/immutable_struct.rb
00000101	vendor/bundle/ruby/4.0.0/gems/concurrent-ruby-1.3.8/lib/concurrent-ruby/concurrent/executor/java_executor_service.rb
00000101	standalone/sorbet.rb
00000101	services/subcommand/list.rb
00000101	rubocops/shared/homepage_helper.rb
00000101	livecheck/strategy/cpan.rb
00000101	formula_versions.rb
00000101	cmd/pyenv-sync.rb
00000100	vendor/bundle/ruby/4.0.0/gems/concurrent-ruby-1.3.8/lib/concurrent-ruby/concurrent/atomic/count_down_latch.rb
00000100	test/rubocops/cask/no_autobump.rb
00000100	test/livecheck/strategy/electron_builder_spec.rb
00000100	test/language/node_spec.rb
00000100	test/download_strategies/curl_post_spec.rb
00000100	services/subcommand.rb
00000100	patch.rb
00000100	livecheck/strategy/ruby_gems.rb
00000100	livecheck/strategy/npm.rb
00000100	livecheck/strategy/launchpad.rb
00000100	dev-cmd/prof.rb
00000100	dependable.rb
00000100	bundle/subcommand/dump.rb
00000099	vendor/bundle/ruby/4.0.0/gems/sorbet-runtime-0.6.13412/lib/types/private/class_utils.rb
00000099	vendor/bundle/ruby/4.0.0/gems/elftools-1.3.1/lib/elftools/util.rb
00000099	test/ignorable_spec.rb
00000099	rubocops/non_public_api_usage.rb
00000099	bundle/extensions/npm.rb
00000099	bundle/dumper.rb
00000098	vendor/bundle/ruby/4.0.0/gems/bindata-2.5.1/lib/bindata/stringz.rb
00000098	test/rubocops/bottle/bottle_tag_indentation_spec.rb
00000098	test/locale_spec.rb
00000098	os/mac/ffi/xattr.rb
00000098	os/linux.rb
00000098	external_patch.rb
00000098	cask/metadata.rb
00000097	vendor/bundle/ruby/4.0.0/gems/bindata-2.5.1/lib/bindata/section.rb
00000097	test/utils/gzip_spec.rb
00000097	test/utils/bottles/tag_spec.rb
00000097	test/rubocops/no_fileutils_rmrf_spec.rb
00000097	test/language/php/shebang_spec.rb
00000097	cask/artifact/command_wrapper.rb
00000096	test/test_bot/test_cleanup_spec.rb
00000096	test/language/node/shebang_spec.rb
00000096	standalone/init.rb
00000095	sorbet/tapioca/compilers/rspec_dynamic_matchers.rb
00000095	lock_file.rb
00000095	extend/os/linux/development_tools.rb
00000095	download_strategy/cvs_download_strategy.rb
00000095	cmd/tab.rb
00000094	test/vulns/cvss_spec.rb
00000094	startup/config.rb
00000094	startup/bootsnap.rb
00000094	dev-cmd/generate-advisories-api.rb
00000094	dependency/uses_from_macos_dependency.rb
00000093	test/rubocops/present_spec.rb
00000093	test/rubocops/checksum/checksum_spec.rb
00000093	test/homebrew_spec.rb
00000093	test/cmd/desc_spec.rb
00000093	test/cask/artifact/two_apps_correct_spec.rb
00000093	download_strategy/mercurial_download_strategy.rb
00000093	dependencies_helpers.rb
00000093	PATH.rb
00000092	test/unpack_strategy_spec.rb
00000092	test/sandbox_linux_spec.rb
00000092	test/api/cask/cask_struct_generator_spec.rb
00000092	rubocops/public_api_documentation.rb
00000092	rubocops/deprecate_disable.rb
00000092	extend/os/mac/test_bot.rb
00000092	cask/utils/trash.rb
00000092	bundle/extensions/krew.rb
00000091	vendor/bundle/ruby/4.0.0/gems/sorbet-runtime-0.6.13412/lib/types/private/sealed.rb
00000091	vendor/bundle/ruby/4.0.0/gems/patchelf-1.6.2/lib/patchelf/helper.rb
00000091	vendor/bundle/ruby/4.0.0/gems/elftools-1.3.1/lib/elftools/segments/load_segment.rb
00000091	test/utils/backtrace_spec.rb
00000091	test/rubocops/cask/sha256_arch_order_spec.rb
00000091	test/rubocops/cask/empty_arch_argument_spec.rb
00000091	test/dependencies_spec.rb
00000091	test/api/packages_index_spec.rb
00000091	tap/core_cask_tap.rb
00000090	vulns/purl.rb
00000090	utils/link.rb
00000090	test/os/linux/dependency_collector_spec.rb
00000090	test/lock_file/download_lock_spec.rb
00000090	test/livecheck/strategy/ruby_gems_spec.rb
00000090	test/cask/artifact/abstract_uninstall_spec.rb
00000090	bundle/remover.rb
00000089	vendor/bundle/ruby/4.0.0/gems/sorbet-runtime-0.6.13412/lib/types/props/optional.rb
00000089	vendor/bundle/ruby/4.0.0/gems/concurrent-ruby-1.3.8/lib/concurrent-ruby/concurrent/synchronization/mutex_lockable_object.rb
00000089	utils/topological_hash.rb
00000089	test/rubocops/urls/git_strict_spec.rb
00000089	test/rubocops/keg_only_spec.rb
00000089	rubocops/cask/ast/cask_block.rb
00000089	executables_db.rb
00000089	cmd/log.rb
00000088	vulns/semver.rb
00000088	vendor/bundle/ruby/4.0.0/gems/concurrent-ruby-1.3.8/lib/concurrent-ruby/concurrent/executor/thread_pool_executor.rb
00000088	vendor/bundle/ruby/4.0.0/gems/bindata-2.5.1/lib/bindata/trace.rb
00000088	test/rubocops/text/std_npm_args_spec.rb
00000088	test/rubocops/text/licenses_spec.rb
00000088	test/rubocops/service_spec.rb
00000088	test/os/linux/elf_spec.rb
00000088	test/cmd/untrust_spec.rb
00000088	rubocops/class.rb
00000088	extend/os/linux/sandbox/backend.rb
00000088	build_environment.rb
00000087	vendor/bundle/ruby/4.0.0/gems/sorbet-runtime-0.6.13412/lib/types/props/utils.rb
00000087	vendor/bundle/ruby/4.0.0/gems/bindata-2.5.1/lib/bindata/alignment.rb
00000087	test/os/linux/pathname_spec.rb
00000087	abstract_command.rb
00000086	utils/inreplace.rb
00000086	test/utils/git_repository_spec.rb
00000086	test/rubocops/text/shell_variables_spec.rb
00000086	language/java.rb
00000086	extend/os/mac/development_tools.rb
00000086	bundle/subcommand_context.rb
00000085	vendor/bundle/ruby/4.0.0/gems/concurrent-ruby-1.3.8/lib/concurrent-ruby/concurrent/collection/map/synchronized_map_backend.rb
00000085	utils/string_inreplace_extension.rb
00000085	test/utils/inreplace_spec.rb
00000085	test/settings_spec.rb
00000085	test/livecheck/strategy/gnome_spec.rb
00000085	test/cmd/shared_examples/reinstall_pkgconf_if_needed.rb
00000085	formula_info.rb
00000084	vendor/bundle/ruby/4.0.0/gems/concurrent-ruby-1.3.8/lib/concurrent-ruby/concurrent/collection/java_non_concurrent_priority_queue.rb
00000084	utils/gzip.rb
00000084	test/rubocops/non_public_api_usage_spec.rb
00000084	test/cmd/doctor_spec.rb
00000084	test/cask/artifact/pkg_spec.rb
00000084	test/api/cask_spec.rb
00000083	vendor/bundle/ruby/4.0.0/gems/bindata-2.5.1/lib/bindata/float.rb
00000083	test/keg_relocate/text_spec.rb
00000083	test/cmd/leaves_spec.rb
00000083	sorbet/tapioca/compilers/args.rb
00000083	prof/vernier_fork_guard.rb
00000083	extend/ENV/sensitive.rb
00000083	dev-cmd/verify.rb
00000083	dev-cmd/pr-automerge.rb
00000082	vendor/bundle/ruby/4.0.0/gems/concurrent-ruby-1.3.8/lib/concurrent-ruby/concurrent/tuple.rb
00000082	vendor/bundle/ruby/4.0.0/gems/concurrent-ruby-1.3.8/lib/concurrent-ruby/concurrent/executor/ruby_executor_service.rb
00000082	test/support/helper/spec/shared_context/homebrew_cask.rb
00000082	test/dev-cmd/generate-formula-api_spec.rb
00000082	rubocops/no_send_in_tests.rb
00000082	rubocops/cask/variables.rb
00000082	dev-cmd/update-sponsors.rb
00000082	dev-cmd/determine-test-runners.rb
00000082	cmd/nodenv-sync.rb
00000081	vendor/bundle/ruby/4.0.0/gems/sorbet-runtime-0.6.13412/lib/types/private/runtime_levels.rb
00000081	vendor/bundle/ruby/4.0.0/gems/concurrent-ruby-1.3.8/lib/concurrent-ruby/concurrent/dataflow.rb
00000081	vendor/bundle/ruby/4.0.0/gems/concurrent-ruby-1.3.8/lib/concurrent-ruby/concurrent/atomic/mutex_atomic_fixnum.rb
00000081	utils/service.rb
00000081	test/reinstall_spec.rb
00000081	test/formula_creator_spec.rb
00000081	test/cask/depends_on_spec.rb
00000081	keg_only_reason.rb
00000081	extend/file/atomic.rb
00000081	bundle/trust.rb
00000080	vulns/cached_feed.rb
00000080	vendor/bundle/ruby/4.0.0/gems/sorbet-runtime-0.6.13412/lib/types/props/private/serializer_generator.rb
00000080	utils/repology.rb
00000080	test/os/mac/keg_spec.rb
00000080	test/cmd/link_spec.rb
00000080	test/cask/utils_spec.rb
00000080	rubocops/present.rb
00000080	extend/pathname/disk_usage_extension.rb
00000080	extend/os/mac/system_config.rb
00000080	download_strategy/download_strategy_detector.rb
00000080	cmd/rbenv-sync.rb
00000079	test/rubocops/class/test_spec.rb
00000079	test/github_releases_spec.rb
00000079	test.rb
00000079	rubocops/cask/array_alphabetization.rb
00000079	cmd/options.rb
00000079	cmd/command-not-found-init.rb
00000079	cask/reinstall.rb
00000078	test/dev-cmd/determine-test-runners_spec.rb
00000078	installed_dependents.rb
00000078	cmd/desc.rb
00000077	vendor/bundle/ruby/4.0.0/gems/concurrent-ruby-1.3.8/lib/concurrent-ruby/concurrent/utility/native_extension_loader.rb
00000077	test/rubocops/full_name_split_spec.rb
00000077	test/rubocops/caveats_spec.rb
00000077	rubocops/components_redundancy.rb
00000077	extend/os/linux/test_bot.rb
00000077	dev-cmd/bump-revision.rb
00000076	test/cask/artifact/alt_target_spec.rb
00000076	test/abstract_subcommand_spec.rb
00000076	test/abstract_command_spec.rb
00000076	linkage_cache_store.rb
00000076	extend/os/mac/hardware/cpu.rb
00000076	dev-cmd/pr-publish.rb
00000075	vendor/bundle/ruby/4.0.0/gems/concurrent-ruby-1.3.8/lib/concurrent-ruby/concurrent/thread_safe/util/volatile.rb
00000075	vendor/bundle/ruby/4.0.0/gems/concurrent-ruby-1.3.8/lib/concurrent-ruby/concurrent/synchronization/lockable_object.rb
00000075	test/utils/svn_spec.rb
00000075	test/rubocops/io_read_spec.rb
00000075	test/manpages_spec.rb
00000075	test/formula_spec_selection_spec.rb
00000075	test/extend/pathname_spec.rb
00000075	services/subcommand/info.rb
00000075	rubocops/blank.rb
00000075	cask/uninstall.rb
00000074	vendor/bundle/ruby/4.0.0/gems/concurrent-ruby-1.3.8/lib/concurrent-ruby/concurrent/thread_safe/util/adder.rb
00000074	vendor/bundle/ruby/4.0.0/gems/concurrent-ruby-1.3.8/lib/concurrent-ruby/concurrent/errors.rb
00000074	rubocops/cask/stanza_order.rb
00000074	install_renamed.rb
00000074	dev-cmd/bump-compatibility-version.rb
00000074	bundle/brewfile.rb
00000073	vendor/bundle/ruby/4.0.0/gems/sorbet-runtime-0.6.13412/lib/types/types/typed_array.rb
00000073	vendor/bundle/ruby/4.0.0/gems/concurrent-ruby-1.3.8/lib/concurrent-ruby/concurrent/concern/dereferenceable.rb
00000073	vendor/bundle/ruby/4.0.0/gems/bindata-2.5.1/lib/bindata/framework.rb
00000073	utils/attestation.rb
00000073	test/uninstall_spec.rb
00000073	sorbet/tapioca/compilers/forwardables.rb
00000073	dev-cmd/update-python-resources.rb
00000073	cmd/readall.rb
00000073	cli/error.rb
00000073	bundle/subcommand/add.rb
00000072	vendor/bundle/ruby/4.0.0/gems/sorbet-runtime-0.6.13412/lib/types/props/weak_constructor.rb
00000072	unpack_strategy/directory.rb
00000072	test/rubocops/move_to_extend_os_spec.rb
00000072	test/os/mac/sdk_spec.rb
00000072	test/lock_file_spec.rb
00000072	test/cask/utils/trash_spec.rb
00000072	rubocops/cask/url.rb
00000072	messages.rb
00000072	extend/os/mac/unpack_strategy/zip.rb
00000072	cmd/cleanup.rb
00000071	utils/shell_completion.rb
00000071	test/version/parser_spec.rb
00000071	test/download_strategies/subversion_spec.rb
00000071	test/dev-cmd/extract_spec.rb
00000071	sorbet/tapioca/compilers/rubocop.rb
00000070	test/rubocops/checksum/checksum_case_spec.rb
00000070	test/cmd/home_spec.rb
00000070	rubocops/cask/sha256_arch_order.rb
00000070	rubocops/cask/mixin/cask_help.rb
00000070	formula_assertions.rb
00000070	download_strategy/github_git_download_strategy.rb
00000069	vendor/bundle/ruby/4.0.0/gems/sorbet-runtime-0.6.13412/lib/types/types/typed_hash.rb
00000069	vendor/bundle/ruby/4.0.0/gems/sorbet-runtime-0.6.13412/lib/types/props/pretty_printable.rb
00000069	vendor/bundle/ruby/4.0.0/gems/sorbet-runtime-0.6.13412/lib/types/def_mods.rb
00000069	test/cask/cask_loader/from_path_loader_spec.rb
00000069	test/cask/auditor_spec.rb
00000069	requirements/xcode_requirement.rb
00000069	os/mac/ffi/foundation.rb
00000069	description_cache_store/cask_description_cache_store.rb
00000069	cmd/leaves.rb
00000069	cmd/bundle.rb
00000069	bundle/subcommand/check.rb
00000068	vendor/bundle/ruby/4.0.0/gems/concurrent-ruby-1.3.8/lib/concurrent-ruby/concurrent/atomic/mutex_atomic_boolean.rb
00000068	unpack_strategy/tar.rb
00000068	test/keg_relocate/relocation_spec.rb
00000068	rubocops/caveats.rb
00000068	missing.rb
00000068	extend/os/linux/formula.rb
00000068	download_strategy/bazaar_download_strategy.rb
00000068	cmd/tap.rb
00000067	test/os/mac/reinstall_spec.rb
00000067	test/error_during_execution_spec.rb
00000067	test/compiler_failure_spec.rb
00000067	rubocops/checksum.rb
00000067	livecheck/livecheck_version.rb
00000067	cask/list.rb
00000066	vendor/bundle/ruby/4.0.0/gems/concurrent-ruby-1.3.8/lib/concurrent-ruby/concurrent/executor/immediate_executor.rb
00000066	vendor/bundle/ruby/4.0.0/gems/concurrent-ruby-1.3.8/lib/concurrent-ruby/concurrent/collection/map/mri_map_backend.rb
00000066	vendor/bundle/ruby/4.0.0/gems/concurrent-ruby-1.3.8/lib/concurrent-ruby/concurrent/atomic_reference/mutex_atomic.rb
00000066	test/test_bot/junit_spec.rb
00000066	test/support/helper/cask/install_helper.rb
00000066	extend/os/mac/utils/bottles.rb
00000066	bump_version_parser.rb
00000065	vendor/bundle/ruby/4.0.0/gems/sorbet-runtime-0.6.13412/lib/types/private/casts.rb
00000065	test/rubocops/conflicts_spec.rb
00000065	rubocops/service.rb
00000065	rubocops/cask/empty_arch_argument.rb
00000065	pkg_version.rb
00000065	livecheck/strategy/electron_builder.rb
00000065	dev-cmd/cat.rb
00000065	bundle/adder.rb
00000064	version/parser.rb
00000064	vendor/bundle/ruby/4.0.0/gems/concurrent-ruby-1.3.8/lib/concurrent-ruby/concurrent/set.rb
00000064	test/linkage_cache_store_spec.rb
00000064	test/extend/pathname/write_mkpath_extension_spec.rb
00000064	test/cmd/search_spec.rb
00000064	test/cask/artifact/generic_artifact_spec.rb
00000064	rubocops/keg_only.rb
00000064	bundle/skipper.rb
00000063	vendor/bundle/ruby/4.0.0/gems/sorbet-runtime-0.6.13412/lib/types/helpers.rb
00000063	test/language/java_spec.rb
00000063	test/cmd/missing_spec.rb
00000063	test/cask/artifact/symlinked_spec.rb
00000063	test/cask/artifact/generated_script_spec.rb
00000063	test/bottle_filename_spec.rb
00000063	settings.rb
00000063	rubocops/no_fileutils_rmrf.rb
00000063	ignorable.rb
00000063	extend/os/mac/missing_formula.rb
00000063	extend/os/linux/linkage_checker.rb
00000063	cask/artifact/abstract_flight_block.rb
00000062	vendor/bundle/ruby/4.0.0/gems/concurrent-ruby-1.3.8/lib/concurrent-ruby/concurrent/synchronization/condition.rb
00000062	vendor/bundle/ruby/4.0.0/gems/concurrent-ruby-1.3.8/lib/concurrent-ruby/concurrent/executor/cached_thread_pool.rb
00000062	vendor/bundle/ruby/4.0.0/gems/bindata-2.5.1/lib/bindata/uint8_array.rb
00000062	test_bot/junit.rb
00000062	test/utils/bottles/bottles_spec.rb
00000062	test/rubocops/text/make_check_spec.rb
00000062	test/bundle_version_spec.rb
00000062	sorbet/tapioca/compilers/cask/dsl.rb
00000062	dev-cmd/linkage.rb
00000062	cask/staged.rb
00000062	cask/artifact/generated_script.rb
00000061	vendor/bundle/ruby/4.0.0/gems/sorbet-runtime-0.6.13412/lib/types/types/proc.rb
00000061	vendor/bundle/ruby/4.0.0/gems/sorbet-runtime-0.6.13412/lib/types/types/intersection.rb
00000061	test/utils/linkage_spec.rb
00000061	test/startup/bootsnap_spec.rb
00000061	test/rubocops/cask/discontinued_spec.rb
00000061	test/cmd/tab_spec.rb
00000061	test/cask_dependent_spec.rb
00000061	rubocops/resource_requires_dependencies.rb
00000061	rubocops/all.rb
00000061	download_strategy/fossil_download_strategy.rb
00000061	cask/artifact/qlplugin.rb
00000060	vendor/bundle/ruby/4.0.0/gems/ruby-macho-6.0.0/lib/macho.rb
00000060	vendor/bundle/ruby/4.0.0/gems/concurrent-ruby-1.3.8/lib/concurrent-ruby/concurrent/re_include.rb
00000060	test/utils/service_spec.rb
00000060	test/rubocops/lines_spec.rb
00000060	test/dev-cmd/generate-internal-api_spec.rb
00000060	extend/blank.rb
00000060	extend/ENV.rb
00000060	embedded_patch.rb
00000060	download_strategy/curl_github_packages_download_strategy.rb
00000060	dev-cmd/update-maintainers.rb
00000059	vendor/bundle/ruby/4.0.0/gems/sorbet-runtime-0.6.13412/lib/types/private/types/type_alias.rb
00000059	utils/backtrace.rb
00000059	test/rubocops/text/safe_popen_commands_spec.rb
00000059	test/rubocops/text/license_arrays_spec.rb
00000059	test/readline_nonblock_spec.rb
00000059	test/os/linux/libstdcxx_spec.rb
00000059	extend/os/mac/readall.rb
00000059	cask/artifact/keyboard_layout.rb
00000059	ast_constants.rb
00000058	test/rubocops/text/comments_spec.rb
00000058	test/rubocops/livecheck/url_provided_spec.rb
00000058	test/rubocops/cask/url_legacy_comma_separators_spec.rb
00000058	test/cask/cask_loader/from_content_loader_spec.rb
00000057	vendor/bundle/ruby/4.0.0/gems/concurrent-ruby-1.3.8/lib/concurrent-ruby/concurrent/executor/single_thread_executor.rb
00000057	utils/socket.rb
00000057	test/test_bot/test_formulae_spec.rb
00000057	test/test_bot/formulae_dependents_spec.rb
00000057	test/support/fixtures/cask/Casks/with-many-languages.rb
00000057	test/support/fixtures/cask/Casks/with-many-languages-and-invalid-sha256.rb
00000057	test/keg_relocate/grep_spec.rb
00000057	test/cask/cask_loader/from_uri_loader_spec.rb
00000057	manpages/converter/roff.rb
00000057	cmd/--env.rb
00000057	cask/artifact/uninstall.rb
00000056	vendor/bundle/ruby/4.0.0/gems/elftools-1.3.1/lib/elftools/segments/segment.rb
00000056	vendor/bundle/ruby/4.0.0/gems/elftools-1.3.1/lib/elftools/sections/section.rb
00000056	vendor/bundle/ruby/4.0.0/gems/concurrent-ruby-1.3.8/lib/concurrent-ruby/concurrent/array.rb
00000056	test/utils/tar_spec.rb
00000056	services/system/systemctl.rb
00000056	dependencies.rb
00000055	warnings.rb
00000055	vendor/bundle/ruby/4.0.0/gems/sorbet-runtime-0.6.13412/lib/types/types/class_of.rb
00000055	vendor/bundle/ruby/4.0.0/gems/sorbet-runtime-0.6.13412/lib/types/private/types/simple_pair_union.rb
00000055	vendor/bundle/ruby/4.0.0/gems/concurrent-ruby-1.3.8/lib/concurrent-ruby/concurrent/collection/ruby_timeout_queue.rb
00000055	test/utils/repology_spec.rb
00000055	test/utils/bottles/collector_spec.rb
00000055	test/dev-cmd/bump-compatibility-version_spec.rb
00000055	test/cask/macos_spec.rb
00000055	rubocops/conflicts.rb
00000054	vendor/bundle/ruby/4.0.0/gems/concurrent-ruby-1.3.8/lib/concurrent-ruby/concurrent/utility/native_integer.rb
00000054	test/rubocops/text/assert_statements_spec.rb
00000054	test/extend/blank_spec.rb
00000054	rubocops/api_name_membership.rb
00000054	cmd/home.rb
00000053	vendor/bundle/ruby/4.0.0/gems/sorbet-runtime-0.6.13412/lib/types/struct.rb
00000053	vendor/bundle/ruby/4.0.0/gems/sorbet-runtime-0.6.13412/lib/types/private/abstract/declare.rb
00000053	test_bot/bottles_fetch.rb
00000053	test/utils/ruby_check_version_script_spec.rb
00000053	test/rubocops/uses_from_macos_spec.rb
00000053	test/os_spec.rb
00000053	test/dev-cmd/test_spec.rb
00000053	test/cask/artifact/relocated_spec.rb
00000053	tap/abstract_core_tap.rb
00000053	os/linux/libstdcxx.rb
00000053	formula_pin.rb
00000053	extend/os/mac/formula.rb
00000053	extend/os/linux/bundle/skipper.rb
00000053	download_strategy.rb
00000053	dev-cmd/irb.rb
00000053	dev-cmd/generate-man-completions.rb
00000053	cmd/unpin.rb
00000052	vendor/bundle/ruby/4.0.0/gems/concurrent-ruby-1.3.8/lib/concurrent-ruby/concurrent/thread_safe/util/data_structures.rb
00000052	vendor/bundle/ruby/4.0.0/gems/concurrent-ruby-1.3.8/lib/concurrent-ruby/concurrent/hash.rb
00000052	utils/shebang.rb
00000052	test/support/lib/startup/config.rb
00000052	test/support/fixtures/cask/Casks/everything.rb
00000052	test/support/extend/cachable.rb
00000052	os/linux/glibc.rb
00000052	options.rb
00000052	manpages/parser/ronn.rb
00000052	cask/dsl/rename.rb
00000052	bundle/subcommand/list.rb
00000051	utils/svn.rb
00000051	unpack_strategy/zip.rb
00000051	test/utils/github/actions_spec.rb
00000051	test/cmd/services/restart_subcommand_spec.rb
00000051	test/cask/artifact/installer_spec.rb
00000051	test/build_environment_spec.rb
00000051	rubocops/cask/homepage_url_styling.rb
00000051	dev-cmd/update-portable-ruby.rb
00000051	cmd/pin.rb
00000051	cmd/missing.rb
00000050	vendor/bundle/ruby/4.0.0/gems/sorbet-runtime-0.6.13412/lib/types/types/enum.rb
00000050	vendor/bundle/ruby/4.0.0/gems/sorbet-runtime-0.6.13412/lib/types/private/final.rb
00000050	vendor/bundle/ruby/4.0.0/gems/sorbet-runtime-0.6.13412/lib/types/abstract_utils.rb
00000050	vendor/bundle/ruby/4.0.0/gems/concurrent-ruby-1.3.8/lib/concurrent-ruby/concurrent/thread_safe/util/xor_shift_random.rb
00000050	test/utils/ast/ast_spec.rb
00000050	test/support/helper/fixtures.rb
00000050	test/rubocops/options_spec.rb
00000050	test/extend/blank/pathname_spec.rb
00000050	test/dependencies_helpers_spec.rb
00000050	test/cask/artifact/abstract_artifact_spec.rb
00000050	services/subcommand/restart.rb
00000050	rubocops/safe_navigation_with_blank.rb
00000050	rubocops/cask/no_autobump.rb
00000050	rubocops/cask/extend/node.rb
00000050	language/perl.rb
00000050	extend/os/mac/requirements/macos_requirement.rb
00000050	download_strategy/curl_apache_mirror_download_strategy.rb
00000049	vendor/bundle/ruby/4.0.0/gems/elftools-1.3.1/lib/elftools/lazy_array.rb
00000049	test/download_strategies/detector_spec.rb
00000049	test/dev-cmd/edit_spec.rb
00000049	readline_nonblock.rb
00000049	minimum_version.rb
00000049	bundle/subcommand/remove.rb
00000048	test/rubocops/install_steps_source_independence_spec.rb
00000048	test/cmd/pin_spec.rb
00000048	test/cask/artifact/bashcompletion_spec.rb
00000048	rubocops/zero_zero_zero_zero.rb
00000048	lazy_object.rb
00000048	extend/os/mac/pkgconf.rb
00000048	dev-cmd/debugger.rb
00000048	cmd/alias.rb
00000047	vendor/bundle/ruby/4.0.0/gems/logger-1.7.0/lib/logger/period.rb
00000047	vendor/bundle/ruby/4.0.0/gems/concurrent-ruby-1.3.8/lib/concurrent-ruby/concurrent/thread_safe/synchronized_delegator.rb
00000047	test/rubocops/lines/full_dependency_check_spec.rb
00000047	test/rubocops/disable_comment_spec.rb
00000047	test/dev-cmd/ruby_spec.rb
00000047	test/cmd/services_spec.rb
00000047	rubocops/move_to_extend_os.rb
00000047	rubocops/cask/deprecate_disable_unsigned_reason.rb
00000047	github_releases.rb
00000047	extend/os/mac/extend/ENV/shared.rb
00000047	api_hashable.rb
00000046	vendor/bundle/ruby/4.0.0/gems/sorbet-runtime-0.6.13412/lib/types/types/type_parameter.rb
00000046	test_bot/cleanup_after.rb
00000046	test/unpack_strategy/bzip2_spec.rb
00000046	test/rubocops/no_instance_variable_access_in_tests_spec.rb
00000046	test/rubocops/livecheck/regex_parentheses_spec.rb
00000046	test/rubocops/livecheck/regex_extension_spec.rb
00000046	test/rubocops/livecheck/regex_case_insensitive_spec.rb
00000046	test/rubocops/lines/libiconv_check_spec.rb
00000046	test/rubocops/class/class_name_spec.rb
00000046	test/cask/artifact/zshcompletion_spec.rb
00000046	test/cask/artifact/preflight_block_spec.rb
00000046	test/cask/artifact/postflight_block_spec.rb
00000046	test/cask/artifact/fishlcompletion_spec.rb
00000046	rubocops/negate_include.rb
00000046	rubocops/install_steps_source_independence.rb
00000046	extend/os/mac/cask/utils/trash.rb
00000046	extend/os/linux/extend/ENV/std.rb
00000046	cmd/exec.rb
00000046	cmd/commands.rb
00000045	vendor/bundle/ruby/4.0.0/gems/concurrent-ruby-1.3.8/lib/concurrent-ruby/concurrent/utility/engine.rb
00000045	test/rubocops/cask/deprecate_disable_unsigned_reason_spec.rb
00000045	test/formula_pin_spec.rb
00000045	test/dev-cmd/tap-new_spec.rb
00000045	test/dev-cmd/cat_spec.rb
00000045	test/cask/artifact/manpage_spec.rb
00000045	sorbet/tapioca/utils.rb
00000045	rubocops/files.rb
00000045	rubocops/extend/mutable_constant_exclude_unfreezable.rb
00000045	requirements/arch_requirement.rb
00000045	os/mac/ffi/launch_services.rb
00000045	language/php.rb
00000045	extend/hash/deep_transform_values.rb
00000044	vendor/bundle/ruby/4.0.0/gems/sorbet-runtime-0.6.13412/lib/types/types/typed_set.rb
00000044	vendor/bundle/ruby/4.0.0/gems/sorbet-runtime-0.6.13412/lib/types/types/t_enum.rb
00000044	vendor/bundle/ruby/4.0.0/gems/sorbet-runtime-0.6.13412/lib/types/private/types/void.rb
00000044	vendor/bundle/ruby/4.0.0/gems/concurrent-ruby-1.3.8/lib/concurrent-ruby/concurrent/executor/indirect_immediate_executor.rb
00000044	vendor/bundle/ruby/4.0.0/gems/concurrent-ruby-1.3.8/lib/concurrent-ruby/concurrent/atomic/mutex_count_down_latch.rb
00000044	vendor/bundle/ruby/4.0.0/gems/bindata-2.5.1/lib/bindata/virtual.rb
00000044	test_bot/cleanup_before.rb
00000044	test/rubocops/safe_navigation_with_blank_spec.rb
00000044	test/rubocops/provided_by_macos_spec.rb
00000044	test/rubocops/livecheck/skip_spec.rb
00000044	test/keg_relocate/binary_relocation_spec.rb
00000044	test/dev-cmd/irb_spec.rb
00000044	test/cmd/--prefix_spec.rb
00000044	sorbet/tapioca/compilers/cask/config.rb
00000044	services/subcommand/stop.rb
00000044	rubocops/options.rb
00000044	developer/subcommand/state.rb
00000044	dependents_message.rb
00000044	cmd/migrate.rb
00000043	vendor/bundle/ruby/4.0.0/gems/concurrent-ruby-1.3.8/lib/concurrent-ruby/concurrent/atomic/java_count_down_latch.rb
00000043	utils/tar.rb
00000043	unpack_strategy/fossil.rb
00000043	test/utils/user_spec.rb
00000043	test/unpack_strategy/dmg_spec.rb
00000043	test/rubocops/livecheck/url_symbol_spec.rb
00000043	test/os/mac_spec.rb
00000043	test/dependable_spec.rb
00000043	test/cmd/uses_spec.rb
00000043	rubocops/cask/discontinued.rb
00000043	extend/os/mac/reinstall.rb
00000043	cask/dsl/base.rb
00000043	cask/artifact/app.rb
00000042	vendor/bundle/ruby/4.0.0/gems/sorbet-runtime-0.6.13412/lib/types/syntax.rb
00000042	vendor/bundle/ruby/4.0.0/gems/sorbet-runtime-0.6.13412/lib/types/private/abstract/hooks.rb
00000042	vendor/bundle/ruby/4.0.0/gems/ruby-macho-6.0.0/lib/macho/view.rb
00000042	vendor/bundle/ruby/4.0.0/gems/concurrent-ruby-1.3.8/lib/concurrent-ruby/concurrent/options.rb
00000042	test/unlink_spec.rb
00000042	test/extend/array_spec.rb
00000042	test/cmd/unpin_spec.rb
00000042	test/checksum_verification_spec.rb
00000042	os/mac/ffi/native_library.rb
00000042	extend/blank/string.rb
00000042	cmd/services.rb
00000041	vendor/bundle/ruby/4.0.0/gems/sorbet-runtime-0.6.13412/lib/types/types/attached_class.rb
00000041	utils/github/artifacts/github_artifact_download_strategy.rb
00000041	utils/git_repository.rb
00000041	test/livecheck/livecheck_version_spec.rb
00000041	sorbet/tapioca/compilers/env_config.rb
00000041	rubocops/shared/no_autobump_helper.rb
00000041	rubocops/no_autobump.rb
00000041	extend/os/linux/dev-cmd/tests.rb
00000041	extend/hash/deep_merge.rb
00000041	cask/dsl/container.rb
00000041	cask/dsl/conflicts_with.rb
00000041	cask/artifact/mdimporter.rb
00000041	cask/artifact/manpage.rb
00000040	vendor/bundle/ruby/4.0.0/gems/sorbet-runtime-0.6.13412/lib/types/props/constructor.rb
00000040	test/services/system/systemctl_spec.rb
00000040	test/rubocops/version_spec.rb
00000040	test/os/mac/dependency_collector_spec.rb
00000040	test/cmd/services/cleanup_subcommand_spec.rb
00000040	tap/tap_config.rb
00000040	os/mac/ffi/objective_c.rb
00000040	livecheck/strategic.rb
00000039	vendor/bundle/ruby/4.0.0/gems/sorbet-runtime-0.6.13412/lib/types/types/typed_range.rb
00000039	vendor/bundle/ruby/4.0.0/gems/sorbet-runtime-0.6.13412/lib/types/types/typed_enumerator_lazy.rb
00000039	vendor/bundle/ruby/4.0.0/gems/sorbet-runtime-0.6.13412/lib/types/types/typed_enumerator_chain.rb
00000039	vendor/bundle/ruby/4.0.0/gems/sorbet-runtime-0.6.13412/lib/types/types/typed_enumerator.rb
00000039	vendor/bundle/ruby/4.0.0/gems/sorbet-runtime-0.6.13412/lib/types/types/self_type.rb
00000039	unpack_strategy/air.rb
00000039	test/rubocops/urls/pypi_spec.rb
00000039	test/download_strategies/abstract_file_spec.rb
00000039	test/cask/artifact/zap_spec.rb
00000039	test/cask/artifact/suite_spec.rb
00000039	dev-cmd/update-perl-resources.rb
00000039	dev-cmd/rubydoc.rb
00000039	dev-cmd/ruby.rb
00000039	dev-cmd/install-bundler-gems.rb
00000039	cmd/unlink.rb
00000039	cmd/sandbox-exec.rb
00000038	vendor/bundle/ruby/4.0.0/gems/sorbet-runtime-0.6.13412/lib/types/types/type_variable.rb
00000038	vendor/bundle/ruby/4.0.0/gems/sorbet-runtime-0.6.13412/lib/types/private/decl_state.rb
00000038	vendor/bundle/ruby/4.0.0/gems/logger-1.7.0/lib/logger/severity.rb
00000038	vendor/bundle/ruby/4.0.0/gems/elftools-1.3.1/lib/elftools/sections/sections.rb
00000038	vendor/bundle/ruby/4.0.0/gems/concurrent-ruby-1.3.8/lib/concurrent-ruby/concurrent/thread_safe/util/power_of_two_tuple.rb
00000038	vendor/bundle/ruby/4.0.0/gems/concurrent-ruby-1.3.8/lib/concurrent-ruby/concurrent/synchronization/lock.rb
00000038	vendor/bundle/ruby/4.0.0/gems/bindata-2.5.1/lib/bindata.rb
00000038	utils/user.rb
00000038	test/utils/formatter_spec.rb
00000038	test/lazy_object_spec.rb
00000038	test/cmd/gist-logs_spec.rb
00000038	test/cmd/autoremove_spec.rb
00000038	test/cask/dsl/container_spec.rb
00000038	services/subcommand/cleanup.rb
00000038	rubocops/cask/shared_filelist_glob.rb
00000038	pypi_packages.rb
00000038	postinstall.rb
00000038	extend/os/linux/cmd/update-report.rb
00000038	cask/artifact/artifact.rb
00000037	vendor/bundle/ruby/4.0.0/gems/sorbet-runtime-0.6.13412/lib/types/props/plugin.rb
00000037	vendor/bundle/ruby/4.0.0/gems/concurrent-ruby-1.3.8/lib/concurrent-ruby/concurrent/atomic_reference/atomic_direct_update.rb
00000037	unpack_strategy/generic_unar.rb
00000037	test/utils/phase_timings_spec.rb
00000037	test/support/fixtures/cask/Casks/with-caveats-everything.rb
00000037	test/rubocops/cask/homepage_url_styling_spec.rb
00000037	test/os/linux_spec.rb
00000037	test/dev-cmd/typecheck_spec.rb
00000037	dev-cmd/update-license-data.rb
00000037	data_patch.rb
00000037	cask/artifact.rb
00000037	bundle/subcommand/sh.rb
00000036	vendor/bundle/ruby/4.0.0/gems/sorbet-runtime-0.6.13412/lib/types/private/abstract/data.rb
00000036	vendor/bundle/ruby/4.0.0/gems/logger-1.7.0/lib/logger/formatter.rb
00000036	vendor/bundle/ruby/4.0.0/gems/concurrent-ruby-1.3.8/lib/concurrent-ruby/concurrent/synchronization/safe_initialization.rb
00000036	vendor/bundle/ruby/4.0.0/gems/concurrent-ruby-1.3.8/lib/concurrent-ruby/concurrent/atomic_reference/numeric_cas_wrapper.rb
00000036	vendor/bundle/ruby/4.0.0/gems/bindata-2.5.1/lib/bindata/warnings.rb
00000036	utils/pid_path.rb
00000036	url.rb
00000036	unpack_strategy/zstd.rb
00000036	unpack_strategy/xz.rb
00000036	unpack_strategy/lzma.rb
00000036	unpack_strategy/lzip.rb
00000036	unpack_strategy/bzip2.rb
00000036	test/rubocops/livecheck/regex_if_page_match_spec.rb
00000036	test/rubocops/api_name_membership_spec.rb
00000036	test/os/mac/xcode_spec.rb
00000036	test/os/mac/formula_installer_spec.rb
00000036	test/os/mac/development_tools_spec.rb
00000036	test/cask/cask_loader/from_tap_loader_spec.rb
00000036	tap_constants.rb
00000036	rubocops/io_read.rb
00000036	rubocops/cask/url_legacy_comma_separators.rb
00000036	os/linux/elf/os.rb
00000036	metafiles.rb
00000036	lock_file/download_lock.rb
00000036	formula_name_cask_token_auditor.rb
00000036	extend/object/duplicable.rb
00000036	cxxstdlib.rb
00000036	cmd/postinstall.rb
00000036	ask.rb
00000035	vendor/bundle/ruby/4.0.0/gems/sorbet-runtime-0.6.13412/lib/types/types/anything.rb
00000035	vendor/bundle/ruby/4.0.0/gems/concurrent-ruby-1.3.8/lib/concurrent-ruby/concurrent/executor/safe_task_executor.rb
00000035	vendor/bundle/ruby/4.0.0/gems/bindata-2.5.1/lib/bindata/transform/zstd.rb
00000035	vendor/bundle/ruby/4.0.0/gems/bindata-2.5.1/lib/bindata/transform/xz.rb
00000035	vendor/bundle/ruby/4.0.0/gems/bindata-2.5.1/lib/bindata/transform/lzma.rb
00000035	vendor/bundle/ruby/4.0.0/gems/bindata-2.5.1/lib/bindata/transform/lz4.rb
00000035	vendor/bundle/ruby/4.0.0/gems/bindata-2.5.1/lib/bindata/transform/brotli.rb
00000035	test_bot/tap_syntax.rb
00000035	test/support/helper/formula.rb
00000035	test/support/fixtures/failball.rb
00000035	test/support/fixtures/cask/Casks/with-install-steps.rb
00000035	rubocops/homepage.rb
00000035	rubocops/disable_comment.rb
00000035	rubocops/cask/ast/cask_header.rb
00000035	options/deprecated_option.rb
00000035	official_taps.rb
00000035	fetch.rb
00000035	extend/os/mac/cask/artifact/moved.rb
00000035	cmd/shellenv.rb
00000035	cmd/--caskroom.rb
00000035	cask/artifact/appimage.rb
00000035	bundle/lister.rb
00000034	vendor/bundle/ruby/4.0.0/gems/elftools-1.3.1/lib/elftools/segments/segments.rb
00000034	vendor/bundle/ruby/4.0.0/gems/concurrent-ruby-1.3.8/lib/concurrent-ruby/concurrent/executor/serial_executor_service.rb
00000034	vendor/bundle/ruby/4.0.0/gems/concurrent-ruby-1.3.8/lib/concurrent-ruby/concurrent/concern/deprecation.rb
00000034	vendor/bundle/ruby/4.0.0/gems/bindata-2.5.1/lib/bindata/rest.rb
00000034	vendor/bundle/ruby/4.0.0/gems/bindata-2.5.1/lib/bindata/count_bytes_remaining.rb
00000034	unpack_strategy/uncompressed.rb
00000034	unpack_strategy/rar.rb
00000034	unpack_strategy/p7zip.rb
00000034	unpack_strategy/lha.rb
00000034	test/utils/timer_spec.rb
00000034	test/utils/fork_spec.rb
00000034	test/utils/clang_spec.rb
00000034	test/support/helper/test_each.rb
00000034	test/support/fixtures/testball_bottle_cellar.rb
00000034	test/support/fixtures/testball_bottle.rb
00000034	test/support/fixtures/cask/Casks/many-artifacts.rb
00000034	test/github_runner_spec.rb
00000034	sorbet/tapioca/require.rb
00000034	rubocops/no_instance_variable_access_in_tests.rb
00000034	manpages/converter/kramdown.rb
00000034	extend/os/mac/bundle/skipper.rb
00000034	extend/enumerable.rb
00000034	dependencies/requirements.rb
00000034	cmd/--cellar.rb
00000034	checksum.rb
00000034	bundle/subcommand/env.rb
00000033	vendor/bundle/ruby/4.0.0/gems/sorbet-runtime-0.6.13412/lib/types/types/untyped.rb
00000033	vendor/bundle/ruby/4.0.0/gems/bindata-2.5.1/lib/bindata/transform/zlib.rb
00000033	test/support/fixtures/failball_offline_install.rb
00000033	test/language/python_spec.rb
00000033	test/download_strategies/pypi_spec.rb
00000033	test/cmd/--cache_spec.rb
00000033	services/formulae.rb
00000033	github_runner.rb
00000033	extend/pathname/write_mkpath_extension.rb
00000033	extend/os/mac/hardware.rb
00000032	vendor/bundle/ruby/4.0.0/gems/sorbet-runtime-0.6.13412/lib/types/types/noreturn.rb
00000032	vendor/bundle/ruby/4.0.0/gems/sorbet-runtime-0.6.13412/lib/types/props/private/parser.rb
00000032	utils/clang.rb
00000032	unpack_strategy/cab.rb
00000032	test/dev-cmd/livecheck_spec.rb
00000032	test/cmd/log_spec.rb
00000032	rubocops/rubocop-cask.rb
00000032	extend/pathname/eager_initialize_extension.rb
00000032	extend/os/mac/utils/socket.rb
00000032	extend/os/mac/api/internal.rb
00000032	extend/os/linux/simulate_system.rb
00000032	extend/os/linux/dev-cmd/bottle.rb
00000032	cmd/update.rb
00000031	test/dev-cmd/unpack_spec.rb
00000031	services/subcommand/start.rb
00000031	services/subcommand/run.rb
00000031	rubocops/cask/mixin/on_url_stanza.rb
00000031	rubocops/cask/mixin/on_homepage_stanza.rb
00000031	rubocops/cask/mixin/on_desc_stanza.rb
00000031	resource/resource_stage_context.rb
00000031	extend/os/linux/cask/config.rb
00000031	developer/subcommand/on.rb
00000031	developer/subcommand/off.rb
00000030	vendor/bundle/ruby/4.0.0/gems/sorbet-runtime-0.6.13412/lib/types/private/types/string_holder.rb
00000030	vendor/bundle/ruby/4.0.0/gems/concurrent-ruby-1.3.8/lib/concurrent-ruby/concurrent/executor/java_single_thread_executor.rb
00000030	unpack_strategy/gzip.rb
00000030	unlink.rb
00000030	test/support/fixtures/testball.rb
00000030	test/support/fixtures/cask/Casks/many-renames.rb
00000030	test/rubocops/negate_include_spec.rb
00000030	test/cmd/completions_spec.rb
00000030	test/cmd/analytics_spec.rb
00000030	extend/os/mac/cask/artifact/symlinked.rb
00000030	extend/os/linux/cask/caskroom.rb
00000030	dev-cmd/formula.rb
00000030	cask/artifact/stage_only.rb
00000030	cask/artifact/binary.rb
00000029	vendor/bundle/ruby/4.0.0/gems/sorbet-runtime-0.6.13412/lib/types/private/types/not_typed.rb
00000029	vendor/bundle/ruby/4.0.0/gems/concurrent-ruby-1.3.8/lib/concurrent-ruby/concurrent/synchronization/full_memory_barrier.rb
00000029	vendor/bundle/ruby/4.0.0/gems/concurrent-ruby-1.3.8/lib/concurrent-ruby/concurrent/atomic/lock_local_var.rb
00000029	utils/portable_ruby.rb
00000029	unpack_strategy/pax.rb
00000029	test/warnings_spec.rb
00000029	test/services/formulae_spec.rb
00000029	test/rubocops/text/mpi_check_spec.rb
00000029	test/rubocop_spec.rb
00000029	test/linux_runner_spec_spec.rb
00000029	test/dev-cmd/create_spec.rb
00000029	test/cmd/unalias_spec.rb
00000029	test/cmd/cleanup_spec.rb
00000029	test/cmd/--repository_spec.rb
00000029	test/cmd/--caskroom_spec.rb
00000029	sorbet/tapioca/compilers/api_structs.rb
00000029	services/subcommand/kill.rb
00000029	rubocops/version.rb
00000029	macos_runner_spec.rb
00000029	extend/os/linux/cleanup.rb
00000029	download_strategy/homebrew_curl_download_strategy.rb
00000029	cmd/developer.rb
00000029	cmd/completions.rb
00000029	bundle/subcommand/edit.rb
00000028	vendor/bundle/ruby/4.0.0/gems/sorbet-runtime-0.6.13412/lib/types/private/methods/modes.rb
00000028	vendor/bundle/ruby/4.0.0/gems/concurrent-ruby-1.3.8/lib/concurrent-ruby/concurrent/executor/serialized_execution_delegator.rb
00000028	vendor/bundle/ruby/4.0.0/gems/bindata-2.5.1/lib/bindata/name.rb
00000028	utils/ruby_check_version_script.rb
00000028	unpack_strategy/xar.rb
00000028	test/unpack_strategy/subversion_spec.rb
00000028	test/test_bot/test_spec.rb
00000028	rubocops/desc.rb
00000028	extend/os/mac/dev-cmd/tests.rb
00000028	download_strategy/curl_post_download_strategy.rb
00000028	cmd/command.rb
00000028	cmd/as-console-user.rb
00000028	cmd/analytics.rb
00000027	vendor/bundle/ruby/4.0.0/gems/sorbet-runtime-0.6.13412/lib/types/private/mixins/mixins.rb
00000027	vendor/bundle/ruby/4.0.0/gems/sorbet-runtime-0.6.13412/lib/types/private/caller_utils.rb
00000027	vendor/bundle/ruby/4.0.0/gems/elftools-1.3.1/lib/elftools/sections/note_section.rb
00000027	unpack_strategy/microsoft_office_xml.rb
00000027	test/support/fixtures/cask/Casks/with-caveats.rb
00000027	test/rubocops/exec_shell_metacharacters_spec.rb
00000027	test/rubocops/class/test_present.rb
00000027	test/os/mac/ffi/xattr_spec.rb
00000027	sorbet/tapioca/compilers/tty.rb
00000027	extend/os/linux/extend/ENV/shared.rb
00000027	extend/object/deep_dup/hash.rb
00000027	developer/subcommand.rb
00000026	vendor/bundle/ruby/4.0.0/gems/elftools-1.3.1/lib/elftools/segments/note_segment.rb
00000026	test/os/mac/ffi/foundation_spec.rb
00000026	test/os/linux/formula_installer_spec.rb
00000026	test/dev-cmd/linkage_spec.rb
00000026	test/cmd/postinstall_spec.rb
00000026	test/cmd/--cellar_spec.rb
00000026	test/cask/dsl/shared_examples/base.rb
00000026	test/build_options_spec.rb
00000026	rubocops/cask/desc.rb
00000026	extend/os/mac/language/java.rb
00000026	extend/os/mac/dependency_collector.rb
00000026	cmd/which-formula.rb
00000026	cmd/autoremove.rb
00000026	cmd/--repository.rb
00000026	cache_store/cache_store.rb
00000025	vendor/bundle/ruby/4.0.0/gems/patchelf-1.6.2/lib/patchelf/logger.rb
00000025	test/test_bot/bottles_fetch_spec.rb
00000025	test/rubocops/cask/shared_filelist_glob_spec.rb
00000025	test/free_port_spec.rb
00000025	test/cmd/unlink_spec.rb
00000025	test/cmd/developer_spec.rb
00000025	test/checksum_spec.rb
00000025	test/cask/denylist_spec.rb
00000025	sorbet/tapioca/compilers/rubocop_cask_ast_stanza.rb
00000025	os/mac/ffi/dyld.rb
00000025	linux_runner_spec.rb
00000025	extend/os/mac/extend/pathname.rb
00000025	extend/os/mac/cask/artifact/abstract_uninstall.rb
00000025	cmd/unalias.rb
00000025	cmd/help.rb
00000025	cmd/config.rb
00000025	cask/artifact/zshcompletion.rb
00000025	cask/artifact/fishcompletion.rb
00000025	cask/artifact/bashcompletion.rb
00000025	cask.rb
00000024	vendor/bundle/ruby/4.0.0/gems/sorbet-runtime-0.6.13412/lib/types/generic.rb
00000024	utils/github/artifacts.rb
00000024	unpack_strategy/subversion.rb
00000024	unpack_strategy/mercurial.rb
00000024	unpack_strategy/bazaar.rb
00000024	test_bot/setup.rb
00000024	test/unpack_strategy/zip_spec.rb
00000024	test/support/fixtures/cask/Casks/with-uninstall-script-user-relative.rb
00000024	test/support/fixtures/cask/Casks/with-uninstall-script-app.rb
00000024	test/support/fixtures/cask/Casks/multiple-versions.rb
00000024	test/rubocops/files_spec.rb
00000024	test/options/option_spec.rb
00000024	test/options/deprecated_option_spec.rb
00000024	test/hardware_spec.rb
00000024	test/cmd/shared_examples/args_parse.rb
00000024	source_location.rb
00000024	rubocops/shell_command_stub.rb
00000024	extend/os/mac/simulate_system.rb
00000024	extend/os/mac/linkage_checker.rb
00000024	extend/os/linux/extend/pathname.rb
00000024	extend/os/linux/cask/utils/trash.rb
00000024	extend/os/linux/cask/artifact/moved.rb
00000024	extend/blank/pathname.rb
00000024	debrew/irb.rb
00000024	cask/artifact_set.rb
00000024	autobump_constants.rb
00000023	yard/templates/default/docstring/html/setup.rb
00000023	vendor/bundle/ruby/4.0.0/gems/concurrent-ruby-1.3.8/lib/concurrent-ruby/concurrent/executor/ruby_single_thread_executor.rb
00000023	vendor/bundle/ruby/4.0.0/gems/bindata-2.5.1/lib/bindata/record.rb
00000023	test/support/fixtures/cask/Casks/with-languages.rb
00000023	test/support/fixtures/cask/Casks/with-installable.rb
00000023	test/support/fixtures/cask/Casks/on-linux-blocks.rb
00000023	test/support/fixtures/cask/Casks/livecheck/livecheck-throttle.rb
00000023	extend/os/mac/cask/dsl.rb
00000023	extend/os/mac/cask/config.rb
00000023	extend/os/linux/cask/installer.rb
00000023	extend/os/linux/cask/artifact/relocated.rb
00000023	extend/object/deep_dup.rb
00000023	compilers.rb
00000023	cmd/vendor-install.rb
00000023	cmd/update-reset.rb
00000023	cmd/update-if-needed.rb
00000023	cmd/mcp-server.rb
00000023	cmd/--version.rb
00000023	brew_irb_helpers.rb
00000022	vendor/bundle/ruby/4.0.0/gems/elftools-1.3.1/lib/elftools/sections/dynamic_section.rb
00000022	vendor/bundle/ruby/4.0.0/gems/concurrent-ruby-1.3.8/lib/concurrent-ruby/concurrent/synchronization/abstract_object.rb
00000022	unpack_strategy/ttf.rb
00000022	unpack_strategy/lua_rock.rb
00000022	unpack_strategy/jar.rb
00000022	test/support/helper/services.rb
00000022	test/support/helper/cask.rb
00000022	test/support/fixtures/cask/Casks/livecheck/livecheck-throttle-reference.rb
00000022	test/rubocops/lines/quictls_check_spec.rb
00000022	test/rubocops/helper_functions_spec.rb
00000022	test/os/mac/ffi/native_library_spec.rb
00000022	test/download_strategies/abstract_spec.rb
00000022	test/cmd/custom-external-command_spec.rb
00000022	test/cask_config_spec.rb
00000022	test/bump_spec.rb
00000022	test/api/cask_download_spec.rb
00000022	rubocops/install_bundler_gems.rb
00000022	extend/os/mac/dev-cmd/bottle.rb
00000022	extend/os/linux/bundle/bundle.rb
00000022	cmd/formulae.rb
00000022	cmd/casks.rb
00000022	cmd/--taps.rb
00000021	vendor/bundle/ruby/4.0.0/gems/elftools-1.3.1/lib/elftools/sections/str_tab_section.rb
00000021	utils/timer.rb
00000021	test/unpack_strategy/tar_spec.rb
00000021	test/unpack_strategy/shared_examples.rb
00000021	test/test_bot/step_spec.rb
00000021	test/support/helper/mktmpdir.rb
00000021	test/support/helper/api_hashable.rb
00000021	test/support/fixtures/cask/Casks/with-zap.rb
00000021	test/os/mac/ffi/objective_c_spec.rb
00000021	test/os/mac/ffi/core_foundation_spec.rb
00000021	test/formula_info_spec.rb
00000021	string_patch.rb
00000021	requirements/linux_requirement.rb
00000021	pour_bottle_check.rb
00000021	os/linux/kernel.rb
00000021	extend/os/mac/extend/pathname/os.rb
00000021	extend/os/linux/extend/pathname/os.rb
00000021	extend/os/linux/compilers.rb
00000021	extend/os/linux/cask/quarantine.rb
00000021	cmd/setup-ruby.rb
00000021	cmd/docs.rb
00000021	cask/artifact/suite.rb
00000020	vendor/bundle/ruby/4.0.0/gems/elftools-1.3.1/lib/elftools/segments/interp_segment.rb
00000020	vendor/bundle/ruby/4.0.0/gems/elftools-1.3.1/lib/elftools/segments/dynamic_segment.rb
00000020	unpack_strategy/self_extracting_executable.rb
00000020	unpack_strategy/pkg.rb
00000020	unpack_strategy/executable.rb
00000020	test/unpack_strategy/git_spec.rb
00000020	test/support/helper/spec/shared_context/trust_store.rb
00000020	test/support/helper/integration_mocks.rb
00000020	test/support/fixtures/cask/Casks/with-depends-on-macos-failure.rb
00000020	test/support/fixtures/cask/Casks/with-conflicts-with-multiple.rb
00000020	test/support/fixtures/cask/Casks/on-linux-asymmetric.rb
00000020	test/support/fixtures/cask/Casks/livecheck/livecheck-version-latest-reference.rb
00000020	test/support/fixtures/cask/Casks/livecheck/livecheck-url-unversioned-reference.rb
00000020	test/support/fixtures/cask/Casks/livecheck/livecheck-skip.rb
00000020	test/support/fixtures/cask/Casks/livecheck/livecheck-skip-reference.rb
00000020	test/support/fixtures/cask/Casks/livecheck/livecheck-disabled-reference.rb
00000020	test/support/fixtures/cask/Casks/livecheck/livecheck-deprecated-reference.rb
00000020	test/rubocops/lines/class_inheritance_spec.rb
00000020	test/requirements_spec.rb
00000020	test/os/os_spec.rb
00000020	test/os/mac/ffi/security_spec.rb
00000020	test/macos_runner_spec_spec.rb
00000020	test/dev-cmd/formula_spec.rb
00000020	test/cmd/options_spec.rb
00000020	test/cmd/migrate_spec.rb
00000020	test/cmd/alias_spec.rb
00000020	shell_command.rb
00000020	formula_free_port.rb
00000020	extend/os/mac/formula_installer.rb
00000020	extend/os/mac/cleaner.rb
00000020	extend/os/linux/bundle/brew_services.rb
00000019	vendor/bundle/ruby/4.0.0/gems/concurrent-ruby-1.3.8/lib/concurrent-ruby/concurrent/utility/monotonic_time.rb
00000019	vendor/bundle/ruby/4.0.0/gems/concurrent-ruby-1.3.8/lib/concurrent-ruby/concurrent/executors.rb
00000019	vendor/bundle/ruby/4.0.0/gems/bindata-2.5.1/lib/bindata/transform/xor.rb
00000019	utils/linkage.rb
00000019	unpack_strategy/sit.rb
00000019	unpack_strategy/otf.rb
00000019	unpack_strategy/compress.rb
00000019	test/support/fixtures/formulae/install-steps.rb
00000019	test/support/fixtures/cask/Casks/with-zap-trash.rb
00000019	test/support/fixtures/cask/Casks/with-zap-delete.rb
00000019	test/support/fixtures/cask/Casks/with-uninstall-trash.rb
00000019	test/support/fixtures/cask/Casks/with-uninstall-delete.rb
00000019	test/sorbet/tapioca/config_spec.rb
00000019	test/cmd/--env_spec.rb
00000019	os/mac/ffi.rb
00000019	extend/os/mac/cmd/info.rb
00000019	extend/os/linux/dev-cmd/update-test.rb
00000019	extend/os/linux/cmd/info.rb
00000019	extend/os/linux/cleaner.rb
00000019	extend/object/deep_dup/module.rb
00000019	dev-cmd/rubocop.rb
00000019	bundle/extensions.rb
00000018	vendor/bundle/ruby/4.0.0/gems/elftools-1.3.1/lib/elftools/sections/null_section.rb
00000018	vendor/bundle/ruby/4.0.0/gems/concurrent-ruby-1.3.8/lib/concurrent-ruby/concurrent/collection/timeout_queue.rb
00000018	test/test_bot/setup_spec.rb
00000018	test/support/helper/spec/shared_examples/formulae_exist.rb
00000018	test/support/fixtures/cask/Casks/with-uninstall-preflight-multi.rb
00000018	test/support/fixtures/cask/Casks/with-uninstall-postflight-multi.rb
00000018	test/support/fixtures/cask/Casks/with-preflight-multi.rb
00000018	test/support/fixtures/cask/Casks/with-postflight-multi.rb
00000018	test/support/fixtures/cask/Casks/with-conditional-caveats.rb
00000018	test/support/fixtures/cask/Casks/with-choices.rb
00000018	test/support/fixtures/cask/Casks/livecheck/livecheck-installer-manual.rb
00000018	test/support/fixtures/cask/Casks/livecheck/livecheck-extract-plist.rb
00000018	test/support/fixtures/cask/Casks/livecheck/livecheck-extract-plist-with-url.rb
00000018	test/support/fixtures/cask/Casks/livecheck/livecheck-disabled.rb
00000018	test/support/fixtures/cask/Casks/livecheck/livecheck-deprecated.rb
00000018	test/keg_only_reason_spec.rb
00000018	test/dev-cmd/unbottled_spec.rb
00000018	download_strategy/local_bottle_download_strategy.rb
00000018	cachable.rb
00000017	vendor/bundle/ruby/4.0.0/gems/plist-3.7.2/lib/plist.rb
00000017	test/unpack_strategy/zstd_spec.rb
00000017	test/unpack_strategy/cvs_spec.rb
00000017	test/unpack_strategy/bazaar_spec.rb
00000017	test/support/helper/files.rb
00000017	test/support/fixtures/cask/Casks/with-uninstall-signal-on-upgrade.rb
00000017	test/support/fixtures/cask/Casks/with-preflight.rb
00000017	test/support/fixtures/cask/Casks/with-installer-script.rb
00000017	test/support/fixtures/cask/Casks/with-depends-on-everything.rb
00000017	test/support/fixtures/cask/Casks/sha256-os.rb
00000017	test/download_strategies/vcs_spec.rb
00000017	test/download_strategies/github_git_spec.rb
00000017	test/cxxstdlib_spec.rb
00000017	test/cmd/tap_spec.rb
00000017	test/cask/dsl/uninstall_preflight_spec.rb
00000017	test/cask/dsl/preflight_spec.rb
00000017	test/cask/dsl/postflight_spec.rb
00000017	test/bundle/remover_spec.rb
00000017	head_software_spec.rb
00000017	extend/os/mac/cleanup.rb
00000017	extend/os/linux/search.rb
00000017	extend/object/deep_dup/array.rb
00000017	extend/blank/hash.rb
00000017	cask/denylist.rb
00000016	vulns.rb
00000016	vendor/bundle/ruby/4.0.0/gems/concurrent-ruby-1.3.8/lib/concurrent-ruby/concurrent/thread_safe/util.rb
00000016	test/utils/github/api_spec.rb
00000016	test/support/fixtures/cask/aged_caskroom/uninstall-flight-block/.metadata/1.0/20250101000000.000/Casks/uninstall-flight-block.rb
00000016	test/support/fixtures/cask/Casks/with-zap-signal.rb
00000016	test/support/fixtures/cask/Casks/with-uninstall-signal.rb
00000016	test/support/fixtures/cask/Casks/sha256-linux.rb
00000016	test/support/fixtures/cask/Casks/sha256-linux-only.rb
00000016	test/support/fixtures/cask/Casks/livecheck/livecheck-version-latest.rb
00000016	test/support/fixtures/cask/Casks/livecheck/livecheck-url-unversioned.rb
00000016	test/support/fixtures/cask/Casks/hockeyapp-with-livecheck.rb
00000016	test/support/fixtures/cask/Casks/devmate-with-livecheck.rb
00000016	test/head_software_spec_spec.rb
00000016	test/dev-cmd/sh_spec.rb
00000016	test/cmd/sandbox-exec_spec.rb
00000016	test/cmd/docs_spec.rb
00000016	test/cmd/commands_spec.rb
00000016	test/cask/artifact/uninstall_no_zap_spec.rb
00000016	extend/os/linux/bottle_specification.rb
00000016	extend/blank/symbol.rb
00000016	extend/blank/numeric.rb
00000016	extend/blank/array.rb
00000016	download_strategy/pypi_download_strategy.rb
00000016	download_strategy/no_unzip_curl_download_strategy.rb
00000016	cask/artifact/zap.rb
00000016	cask/artifact/vst_plugin.rb
00000016	cask/artifact/vst3_plugin.rb
00000016	cask/artifact/shellcompletion.rb
00000016	cask/artifact/prefpane.rb
00000016	brew_irb_helpers/symbol.rb
00000015	vendor/bundle/ruby/4.0.0/gems/patchelf-1.6.2/lib/patchelf/exceptions.rb
00000015	vendor/bundle/ruby/4.0.0/gems/elftools-1.3.1/lib/elftools/exceptions.rb
00000015	vendor/bundle/ruby/4.0.0/gems/concurrent-ruby-1.3.8/lib/concurrent-ruby/concurrent/synchronization/jruby_lockable_object.rb
00000015	utils/uid.rb
00000015	test/unpack_strategy/mercurial_spec.rb
00000015	test/support/fixtures/cask/Casks/with-uninstall-preflight.rb
00000015	test/support/fixtures/cask/Casks/with-uninstall-postflight.rb
00000015	test/support/fixtures/cask/Casks/with-uninstall-both-on-upgrade.rb
00000015	test/support/fixtures/cask/Casks/with-postflight.rb
00000015	test/support/fixtures/cask/Casks/with-pkgutil-zap.rb
00000015	test/support/fixtures/cask/Casks/with-depends-on-macos-in-on-macos.rb
00000015	test/support/fixtures/cask/Casks/with-depends-on-macos-array.rb
00000015	test/support/fixtures/cask/Casks/with-depends-on-cask-multiple.rb
00000015	test/support/fixtures/cask/Casks/with-auto-updates.rb
00000015	test/support/fixtures/cask/Casks/local-transmission.rb
00000015	test/support/fixtures/cask/Casks/latest-with-livecheck.rb
00000015	test/support/fixtures/cask/Casks/latest-with-livecheck-skip.rb
00000015	test/support/fixtures/cask/Casks/latest-with-auto-updates.rb
00000015	test/support/fixtures/cask/Casks/invalid/invalid-depends-on-macos-conflicting-forms.rb
00000015	test/support/fixtures/cask/Casks/invalid/invalid-depends-on-macos-and-linux.rb
00000015	test/support/fixtures/cask/Casks/invalid-sha256.rb
00000015	test/support/fixtures/cask/Casks/depends-on-arch-arm64.rb
00000015	test/support/fixtures/cask/Casks/auto-updates.rb
00000015	test/global_spec.rb
00000015	test/cmd/command_spec.rb
00000015	extend/os/linux/formula_cellar_checks.rb
00000015	extend/blank/true_class.rb
00000015	extend/blank/time.rb
00000015	extend/blank/nil_class.rb
00000015	extend/blank/false_class.rb
00000014	vendor/bundle/ruby/4.0.0/gems/concurrent-ruby-1.3.8/lib/concurrent-ruby/concurrent/collection/map/truffleruby_map_backend.rb
00000014	unpack_strategy/git.rb
00000014	unpack_strategy/cvs.rb
00000014	test/unpack_strategy/uncompressed_spec.rb
00000014	test/support/fixtures/cask/Casks/with-zap-multi.rb
00000014	test/support/fixtures/cask/Casks/with-uninstall-quit-only-on-upgrade.rb
00000014	test/support/fixtures/cask/Casks/with-uninstall-multi.rb
00000014	test/support/fixtures/cask/Casks/with-depends-on-macos-comparison.rb
00000014	test/support/fixtures/cask/Casks/with-depends-on-macos-bare.rb
00000014	test/support/fixtures/cask/Casks/with-depends-on-formula-multiple.rb
00000014	test/support/fixtures/cask/Casks/with-depends-on-cask-cyclic.rb
00000014	test/support/fixtures/cask/Casks/with-depends-on-arch.rb
00000014	test/support/fixtures/cask/Casks/with-binary.rb
00000014	test/support/fixtures/cask/Casks/version-latest.rb
00000014	test/support/fixtures/cask/Casks/sha256-arch.rb
00000014	test/support/fixtures/cask/Casks/invalid/invalid-two-arch.rb
00000014	test/support/fixtures/cask/Casks/invalid/invalid-depends-on-macos-bare-and-version.rb
00000014	test/requirements/linux_requirement_spec.rb
00000014	test/requirements/arch_requirement_spec.rb
00000014	test/os/mac/ffi_spec.rb
00000014	test/os/mac/ffi/launch_services_spec.rb
00000014	reinstall.rb
00000014	livecheck/constants.rb
00000013	vendor/bundle/ruby/4.0.0/gems/concurrent-ruby-1.3.8/lib/concurrent-ruby/concurrent/synchronization.rb
00000013	test/support/fixtures/third-party/Casks/pharo.rb
00000013	test/support/fixtures/cask/Casks/without-languages.rb
00000013	test/support/fixtures/cask/Casks/with-zap-script.rb
00000013	test/support/fixtures/cask/Casks/with-zap-rmdir.rb
00000013	test/support/fixtures/cask/Casks/with-zap-quit.rb
00000013	test/support/fixtures/cask/Casks/with-zap-pkgutil.rb
00000013	test/support/fixtures/cask/Casks/with-zap-login-item.rb
00000013	test/support/fixtures/cask/Casks/with-zap-launchctl.rb
00000013	test/support/fixtures/cask/Casks/with-zap-launchctl-wildcard.rb
00000013	test/support/fixtures/cask/Casks/with-zap-kext.rb
00000013	test/support/fixtures/cask/Casks/with-zap-early-script.rb
00000013	test/support/fixtures/cask/Casks/with-uninstall-script.rb
00000013	test/support/fixtures/cask/Casks/with-uninstall-rmdir.rb
00000013	test/support/fixtures/cask/Casks/with-uninstall-quit.rb
00000013	test/support/fixtures/cask/Casks/with-uninstall-pkgutil.rb
00000013	test/support/fixtures/cask/Casks/with-uninstall-login-item.rb
00000013	test/support/fixtures/cask/Casks/with-uninstall-launchctl.rb
00000013	test/support/fixtures/cask/Casks/with-uninstall-launchctl-wildcard.rb
00000013	test/support/fixtures/cask/Casks/with-uninstall-kext.rb
00000013	test/support/fixtures/cask/Casks/with-uninstall-early-script.rb
00000013	test/support/fixtures/cask/Casks/with-shellcompletion.rb
00000013	test/support/fixtures/cask/Casks/with-shellcompletion-long.rb
00000013	test/support/fixtures/cask/Casks/with-installer-manual.rb
00000013	test/support/fixtures/cask/Casks/with-depends-on-maximum-macos.rb
00000013	test/support/fixtures/cask/Casks/with-depends-on-macos-symbol.rb
00000013	test/support/fixtures/cask/Casks/with-depends-on-linux-bare.rb
00000013	test/support/fixtures/cask/Casks/with-depends-on-formula.rb
00000013	test/support/fixtures/cask/Casks/with-depends-on-cask.rb
00000013	test/support/fixtures/cask/Casks/with-depends-on-cask-cyclic-helper.rb
00000013	test/support/fixtures/cask/Casks/with-conflicts-with.rb
00000013	test/support/fixtures/cask/Casks/with-allow-untrusted.rb
00000013	test/support/fixtures/cask/Casks/placeholders.rb
00000013	test/support/fixtures/cask/Casks/pkg-without-uninstall.rb
00000013	test/support/fixtures/cask/Casks/outdated/auto-updates.rb
00000013	test/support/fixtures/cask/Casks/nested-app.rb
00000013	test/support/fixtures/cask/Casks/local-transmission-zip.rb
00000013	test/support/fixtures/cask/Casks/local-caffeine.rb
00000013	test/support/fixtures/cask/Casks/invalid/invalid-depends-on-maximum-macos-comparator.rb
00000013	test/support/fixtures/cask/Casks/invalid/invalid-depends-on-maximum-macos-array.rb
00000013	test/support/fixtures/cask/Casks/invalid/invalid-depends-on-macos-bad-release.rb
00000013	test/support/fixtures/cask/Casks/invalid/invalid-depends-on-key.rb
00000013	test/support/fixtures/cask/Casks/invalid/invalid-depends-on-arch-value.rb
00000013	test/support/fixtures/cask/Casks/invalid/invalid-conflicts-with-key.rb
00000013	test/support/fixtures/cask/Casks/invalid-sha256-newline.rb
00000013	test/support/fixtures/cask/Casks/invalid-sha256-hex-fragment.rb
00000013	test/support/fixtures/cask/Casks/installer-with-uninstall.rb
00000013	test/support/fixtures/cask/Casks/generic-artifact-user-relative-target.rb
00000013	test/support/fixtures/cask/Casks/generic-artifact-relative-target.rb
00000013	test/support/fixtures/cask/Casks/container-cab.rb
00000013	test/support/fixtures/cask/Casks/container-7z.rb
00000013	test/support/fixtures/cask/Casks/compat/with-depends-on-macos-string.rb
00000013	test/support/fixtures/cask/Casks/basic-cask.rb
00000013	test/support/fixtures/cask/Casks/arch-arm-only.rb
00000013	test/support/fixtures/cask/Casks/adobe-air.rb
00000013	test/rubocops/install_bundler_gems_spec.rb
00000013	test/dev-cmd/generate-analytics-api_spec.rb
00000013	extend/string.rb
00000013	extend/os/linux/keg.rb
00000013	extend/object/duplicable/unbound_method.rb
00000013	extend/object/duplicable/method.rb
00000013	cask/dsl/uninstall_preflight.rb
00000013	cask/dsl/preflight.rb
00000013	cask/dsl/postflight.rb
00000012	utils/rubocop.rb
00000012	test/test_bot/formulae_detect_spec.rb
00000012	test/support/quiet_progress_formatter.rb
00000012	test/support/fixtures/cask/aged_caskroom/pre-receipt-rb/.metadata/1.0/20250101000000.000/Casks/pre-receipt-rb.rb
00000012	test/support/fixtures/cask/Casks/with-two-apps-subdir.rb
00000012	test/support/fixtures/cask/Casks/with-two-apps-correct.rb
00000012	test/support/fixtures/cask/Casks/with-suite.rb
00000012	test/support/fixtures/cask/Casks/with-embedded-binary.rb
00000012	test/support/fixtures/cask/Casks/with-autodetected-manpage-section.rb
00000012	test/support/fixtures/cask/Casks/sourceforge-with-livecheck.rb
00000012	test/support/fixtures/cask/Casks/outdated/version-latest.rb
00000012	test/support/fixtures/cask/Casks/local-caffeine-clone.rb
00000012	test/support/fixtures/cask/Casks/invalid/invalid-two-version.rb
00000012	test/support/fixtures/cask/Casks/invalid/invalid-two-url.rb
00000012	test/support/fixtures/cask/Casks/invalid/invalid-two-homepage.rb
00000012	test/support/fixtures/cask/Casks/invalid/invalid-stage-only-conflict.rb
00000012	test/support/fixtures/cask/Casks/hockeyapp-without-livecheck.rb
00000012	test/support/fixtures/cask/Casks/devmate-without-livecheck.rb
00000012	test/support/fixtures/cask/Casks/adobe-illustrator.rb
00000012	test/os/mac/ffi/dyld_spec.rb
00000012	extend/object/duplicable/singleton.rb
00000012	cask/cache.rb
00000012	cask/artifact/service.rb
00000012	cask/artifact/screen_saver.rb
00000012	cask/artifact/preflight_block.rb
00000012	cask/artifact/postflight_block.rb
00000012	cask/artifact/internet_plugin.rb
00000012	cask/artifact/input_method.rb
00000012	cask/artifact/font.rb
00000012	cask/artifact/dictionary.rb
00000012	cask/artifact/colorpicker.rb
00000012	cask/artifact/audio_unit_plugin.rb
00000011	vendor/bundle/ruby/4.0.0/gems/elftools-1.3.1/lib/elftools.rb
00000011	test/unpack_strategy/xar_spec.rb
00000011	test/unpack_strategy/jar_spec.rb
00000011	test/unpack_strategy/gzip_spec.rb
00000011	test/support/fixtures/third-party/Casks/third-party-cask.rb
00000011	test/support/fixtures/cask/Casks/with-non-executable-binary.rb
00000011	test/support/fixtures/cask/Casks/with-macosx-dir.rb
00000011	test/support/fixtures/cask/Casks/with-generic-artifact.rb
00000011	test/support/fixtures/cask/Casks/with-alt-target.rb
00000011	test/support/fixtures/cask/Casks/will-fail-if-upgraded.rb
00000011	test/support/fixtures/cask/Casks/test-opera.rb
00000011	test/support/fixtures/cask/Casks/test-opera-mail.rb
00000011	test/support/fixtures/cask/Casks/stage-only.rb
00000011	test/support/fixtures/cask/Casks/renamed-app.rb
00000011	test/support/fixtures/cask/Casks/outdated/will-fail-if-upgraded.rb
00000011	test/support/fixtures/cask/Casks/outdated/renamed-app.rb
00000011	test/support/fixtures/cask/Casks/outdated/local-transmission.rb
00000011	test/support/fixtures/cask/Casks/outdated/local-transmission-zip.rb
00000011	test/support/fixtures/cask/Casks/outdated/local-caffeine.rb
00000011	test/support/fixtures/cask/Casks/outdated/bad-checksum2.rb
00000011	test/support/fixtures/cask/Casks/outdated/bad-checksum.rb
00000011	test/support/fixtures/cask/Casks/no-dsl-version.rb
00000011	test/support/fixtures/cask/Casks/no-checksum.rb
00000011	test/support/fixtures/cask/Casks/naked-executable.rb
00000011	test/support/fixtures/cask/Casks/latest.rb
00000011	test/support/fixtures/cask/Casks/invalid/invalid-manpage-no-section.rb
00000011	test/support/fixtures/cask/Casks/invalid/invalid-header-version.rb
00000011	test/support/fixtures/cask/Casks/invalid/invalid-header-token-mismatch.rb
00000011	test/support/fixtures/cask/Casks/invalid/invalid-header-format.rb
00000011	test/support/fixtures/cask/Casks/invalid/invalid-generic-artifact-no-target.rb
00000011	test/support/fixtures/cask/Casks/container-xar.rb
00000011	test/support/fixtures/cask/Casks/container-tar-gz.rb
00000011	test/support/fixtures/cask/Casks/container-gzip.rb
00000011	test/support/fixtures/cask/Casks/container-dmg.rb
00000011	test/support/fixtures/cask/Casks/container-bzip2.rb
00000011	test/support/fixtures/cask/Casks/container-apfs-dmg.rb
00000011	test/support/fixtures/cask/Casks/bad-checksum2.rb
00000011	test/support/fixtures/cask/Casks/bad-checksum.rb
00000011	test/support/fixtures/cask/Casks/appdir-interpolation.rb
00000011	test/cmd/shellenv_spec.rb
00000011	test/cmd/setup-ruby_spec.rb
00000011	test/cmd/mcp-server_spec.rb
00000011	test/cmd/--version_spec.rb
00000011	test/cask/dsl/uninstall_postflight_spec.rb
00000011	startup.rb
00000011	extend/os/linux/requirements/xcode_requirement.rb
00000011	extend/module.rb
00000010	vendor/bundle/ruby/4.0.0/gems/sorbet-runtime-0.6.13412/lib/types/private/retry.rb
00000010	vendor/bundle/ruby/4.0.0/gems/patchelf-1.6.2/lib/patchelf.rb
00000010	vendor/bundle/ruby/4.0.0/gems/concurrent-ruby-1.3.8/lib/concurrent-ruby/concurrent/atomics.rb
00000010	test/unpack_strategy/xz_spec.rb
00000010	test/unpack_strategy/rar_spec.rb
00000010	test/unpack_strategy/p7zip_spec.rb
00000010	test/unpack_strategy/lzip_spec.rb
00000010	test/unpack_strategy/lha_spec.rb
00000010	test/support/helper/subcommand_spec.rb
00000010	test/support/helper/cask/never_sudo_system_command.rb
00000010	test/support/fixtures/cask/Casks/missing-checksum.rb
00000010	test/cmd/formulae_spec.rb
00000010	test/cmd/casks_spec.rb
00000010	lock_file/formula_lock.rb
00000010	lock_file/cask_lock.rb
00000010	livecheck/error.rb
00000010	extend/os/linux/formula_installer.rb
00000010	cask/dsl/uninstall_postflight.rb
00000009	vendor/bundle/ruby/4.0.0/gems/logger-1.7.0/lib/logger/errors.rb
00000009	test/support/helper/simplecov_start.rb
00000009	test/support/fixtures/cask/Casks/container-pkg.rb
00000009	test/dev-cmd/verify_spec.rb
00000009	test/dev-cmd/vendor-gems_spec.rb
00000009	test/dev-cmd/update-test_spec.rb
00000009	test/dev-cmd/update-sponsors_spec.rb
00000009	test/dev-cmd/update-python-resources_spec.rb
00000009	test/dev-cmd/update-portable-ruby_spec.rb
00000009	test/dev-cmd/update-perl-resources_spec.rb
00000009	test/dev-cmd/update-maintainers_spec.rb
00000009	test/dev-cmd/update-license-data_spec.rb
00000009	test/dev-cmd/style_spec.rb
00000009	test/dev-cmd/pr-upload_spec.rb
00000009	test/dev-cmd/pr-publish_spec.rb
00000009	test/dev-cmd/pr-automerge_spec.rb
00000009	test/dev-cmd/install-bundler-gems_spec.rb
00000009	test/dev-cmd/generate-man-completions_spec.rb
00000009	test/dev-cmd/generate-cask-api_spec.rb
00000009	test/dev-cmd/dispatch-build-bottle_spec.rb
00000009	test/dev-cmd/bump-unversioned-casks_spec.rb
00000009	test/dev-cmd/bump-revision_spec.rb
00000009	test/cmd/rbenv-sync_spec.rb
00000009	test/cmd/pyenv-sync_spec.rb
00000009	test/cmd/nodenv-sync_spec.rb
00000009	test/cmd/command-not-found-init_spec.rb
00000009	extend/os/mac/keg_only_reason.rb
00000009	extend/os/hardware.rb
00000008	vendor/bundle/ruby/4.0.0/gems/sorbet-runtime-0.6.13412/lib/types/props/errors.rb
00000008	vendor/bundle/ruby/4.0.0/gems/sorbet-runtime-0.6.13412/lib/types/boolean.rb
00000008	vendor/bundle/ruby/4.0.0/gems/concurrent-ruby-1.3.8/lib/concurrent-ruby/concurrent/constants.rb
00000008	test/support/fixtures/cask/Casks/sourceforge-version-latest-correct-url-format.rb
00000008	test/support/fixtures/cask/Casks/sourceforge-incorrect-url-format.rb
00000008	test/support/fixtures/cask/Casks/sourceforge-correct-url-format.rb
00000008	test/support/fixtures/cask/Casks/osdn-urls.rb
00000008	requirements.rb
00000008	extend/os/system_config.rb
00000008	extend/os/simulate_system.rb
00000008	extend/os/pathname.rb
00000008	extend/os/linkage_checker.rb
00000008	extend/os/keg_relocate.rb
00000008	extend/os/keg.rb
00000008	extend/os/formula_installer.rb
00000008	extend/os/formula_cellar_checks.rb
00000008	extend/os/formula.rb
00000008	extend/os/extend/ENV/super.rb
00000008	extend/os/extend/ENV/std.rb
00000008	extend/os/extend/ENV/shared.rb
00000008	extend/os/diagnostic.rb
00000008	extend/os/development_tools.rb
00000008	extend/os/dependency_collector.rb
00000008	extend/os/cleanup.rb
00000008	extend/os/cleaner.rb
00000008	extend/optparse.rb
00000008	bundle/package_types.rb
00000007	vendor/bundle/ruby/4.0.0/gems/sorbet-runtime-0.6.13412/lib/types/types/type_template.rb
00000007	vendor/bundle/ruby/4.0.0/gems/sorbet-runtime-0.6.13412/lib/types/types/type_member.rb
00000007	test/support/fixtures/cask/Casks/missing-url.rb
00000007	test/support/fixtures/cask/Casks/missing-sha256.rb
00000007	test/support/fixtures/cask/Casks/missing-name.rb
00000007	test/support/fixtures/cask/Casks/missing-homepage.rb
00000007	standalone.rb
00000007	sorbet/tapioca/prerequire.rb
00000007	extend/enumerable/hash.rb
00000007	cask/utils/copy_xattrs.rb
00000006	vendor/bundle/ruby/4.0.0/gems/patchelf-1.6.2/lib/patchelf/version.rb
00000006	vendor/bundle/ruby/4.0.0/gems/elftools-1.3.1/lib/elftools/version.rb
00000006	utils/lock_sh/ruby_lock_file_descriptor.rb
00000006	test/support/fixtures/cask/Casks/version-latest-with-checksum.rb
00000006	test/support/fixtures/cask/Casks/version-latest-string.rb
00000006	test/support/fixtures/cask/Casks/version-colon.rb
00000006	test/support/fixtures/cask/Casks/sha256-for-empty-string.rb
00000006	test/support/fixtures/cask/Casks/missing-version.rb
00000006	rubocops.rb
00000006	release_cooldown.rb
00000005	vendor/bundle/ruby/4.0.0/gems/plist-3.7.2/lib/plist/version.rb
00000005	vendor/bundle/ruby/4.0.0/gems/logger-1.7.0/lib/logger/version.rb
00000005	vendor/bundle/ruby/4.0.0/gems/concurrent-ruby-1.3.8/lib/concurrent-ruby/concurrent-ruby.rb
00000005	utils/ruby_sh/ruby_gem_version.rb
00000005	utils/lock_sh/ruby_check_version.rb
00000005	test/support/fixtures/cask/Casks/generic-artifact-absolute-target.rb
00000005	extend/os/test_bot.rb
00000005	extend/os/sandbox.rb
00000005	extend/os/dev-cmd/tests.rb
00000005	extend/os/dev-cmd/bottle.rb
00000005	extend/os/cmd/info.rb
00000005	extend/os/cask/utils/trash.rb
00000005	extend/os/cask/quarantine.rb
00000005	extend/os/cask/config.rb
00000005	extend/os/cask/artifact/moved.rb
00000005	extend/os/bundle/skipper.rb
00000004	vendor/gems/mechanize-2.14.0/lib/mechanize/version.rb
00000004	startup/ruby_path.rb
00000004	extend/os/utils/socket.rb
00000004	extend/os/unpack_strategy/zip.rb
00000004	extend/os/search.rb
00000004	extend/os/requirements/xcode_requirement.rb
00000004	extend/os/requirements/macos_requirement.rb
00000004	extend/os/reinstall.rb
00000004	extend/os/readall.rb
00000004	extend/os/missing_formula.rb
00000004	extend/os/language/java.rb
00000004	extend/os/keg_only_reason.rb
00000004	extend/os/install.rb
00000004	extend/os/dev-cmd/update-test.rb
00000004	extend/os/compilers.rb
00000004	extend/os/cmd/update-report.rb
00000004	extend/os/cask/installer.rb
00000004	extend/os/cask/dsl.rb
00000004	extend/os/cask/caskroom.rb
00000004	extend/os/cask/artifact/symlinked.rb
00000004	extend/os/cask/artifact/relocated.rb
00000004	extend/os/cask/artifact/abstract_uninstall.rb
00000004	extend/os/bundle/bundle.rb
00000004	extend/os/bundle/brew_services.rb
00000004	extend/os/bottles.rb
00000004	extend/os/bottle_specification.rb
00000004	extend/os/api/internal.rb
00000003	vendor/bundle/ruby/4.0.0/gems/concurrent-ruby-1.3.8/lib/concurrent-ruby/concurrent/version.rb
00000003	vendor/bundle/ruby/4.0.0/gems/bindata-2.5.1/lib/bindata/version.rb
